,0
9455,neutral
3459,negativo
11677,negativo
9688,negativo
7106,neutral
5090,positivo
4839,negativo
5609,positivo
2049,positivo
11508,positivo
9792,positivo
6582,negativo
7864,negativo
450,negativo
6953,negativo
6994,negativo
2237,negativo
7182,neutral
3765,negativo
11054,neutral
10462,negativo
9674,positivo
3942,negativo
7121,positivo
8753,neutral
11374,positivo
11316,negativo
7235,neutral
8172,negativo
2952,positivo
1505,neutral
10858,neutral
249,neutral
3604,neutral
6646,negativo
6271,neutral
9359,neutral
982,negativo
5277,negativo
3985,neutral
9861,positivo
4113,neutral
8226,negativo
11231,neutral
4985,positivo
1766,positivo
1349,neutral
8316,positivo
4183,negativo
9126,neutral
10710,neutral
7699,negativo
4209,negativo
3417,negativo
818,negativo
1385,negativo
4190,neutral
755,negativo
2586,positivo
10963,positivo
6860,neutral
7097,positivo
4331,neutral
5881,neutral
1070,neutral
2438,positivo
11457,negativo
4126,neutral
9451,neutral
6465,neutral
5336,neutral
3204,neutral
3804,negativo
6410,negativo
10160,neutral
1219,neutral
2821,neutral
5180,positivo
8780,negativo
10859,negativo
724,negativo
7609,neutral
1640,neutral
3779,negativo
1603,negativo
4632,neutral
6428,neutral
8365,positivo
7416,positivo
1756,negativo
1537,negativo
1888,positivo
2654,negativo
4881,neutral
3897,negativo
9782,positivo
2427,positivo
10062,positivo
2461,positivo
3717,negativo
9246,positivo
9143,negativo
806,positivo
7921,negativo
7224,positivo
3038,negativo
2318,neutral
8314,neutral
3197,neutral
6092,negativo
3835,positivo
8562,negativo
275,negativo
6991,negativo
3984,negativo
8355,negativo
11562,positivo
10704,neutral
4918,neutral
6665,positivo
8614,positivo
7936,negativo
7741,positivo
9362,positivo
3430,neutral
7915,positivo
6740,positivo
6656,neutral
3004,negativo
5706,neutral
897,positivo
1726,positivo
10463,positivo
1609,negativo
7008,negativo
3778,negativo
3095,negativo
2102,negativo
4007,neutral
2241,positivo
7976,neutral
2067,neutral
2728,neutral
5146,neutral
9854,neutral
9730,neutral
2339,positivo
5328,neutral
10286,positivo
5575,neutral
4422,neutral
967,negativo
8459,neutral
5439,positivo
10522,positivo
11322,positivo
11260,positivo
11463,negativo
11755,negativo
8039,positivo
8179,neutral
206,negativo
11177,positivo
5341,negativo
4097,negativo
8142,positivo
8742,positivo
9140,negativo
1443,neutral
11735,neutral
9515,negativo
5263,negativo
10347,positivo
2557,negativo
11472,positivo
11415,negativo
6688,negativo
5537,negativo
4256,neutral
8564,negativo
10086,positivo
8064,positivo
11611,negativo
11168,positivo
10910,positivo
9862,negativo
7933,negativo
2356,neutral
10561,positivo
978,positivo
4347,neutral
11982,neutral
4859,neutral
6022,negativo
11823,negativo
2558,neutral
2616,negativo
11651,negativo
9468,neutral
5926,positivo
3363,negativo
11206,negativo
6514,positivo
801,neutral
385,neutral
6693,positivo
10147,positivo
11571,negativo
9508,positivo
8412,positivo
10083,positivo
1354,neutral
1664,negativo
11856,positivo
665,neutral
3960,negativo
6030,negativo
9254,positivo
7364,positivo
1674,negativo
5776,negativo
6020,neutral
9902,neutral
5976,positivo
10238,positivo
7276,positivo
5173,positivo
4680,neutral
7801,neutral
9895,positivo
5124,neutral
4122,positivo
6229,positivo
7065,negativo
6932,neutral
10877,neutral
8201,positivo
232,neutral
6164,positivo
2868,negativo
9418,positivo
9629,negativo
6071,neutral
11328,neutral
676,neutral
1987,neutral
11179,positivo
7312,negativo
8063,negativo
8423,neutral
114,negativo
4016,positivo
2493,neutral
209,positivo
4700,positivo
10863,positivo
1472,negativo
6286,negativo
8538,positivo
9167,neutral
8772,negativo
7398,neutral
2770,negativo
5231,neutral
2517,positivo
11816,neutral
9330,negativo
7581,positivo
172,neutral
4012,neutral
8949,positivo
2733,positivo
356,negativo
8454,negativo
5502,negativo
8942,negativo
6843,positivo
5503,negativo
5324,negativo
5405,negativo
6153,neutral
2176,positivo
6717,neutral
10576,positivo
10533,positivo
1159,neutral
694,positivo
6338,positivo
8537,negativo
4064,negativo
4564,negativo
4808,negativo
1898,negativo
4406,positivo
8726,positivo
9720,positivo
11000,negativo
8052,positivo
3560,neutral
609,neutral
7483,neutral
3914,negativo
10794,negativo
4948,positivo
6916,positivo
2971,neutral
5402,neutral
10719,positivo
10477,positivo
6115,neutral
9927,neutral
8479,neutral
2225,negativo
8336,positivo
2941,negativo
10368,neutral
4812,negativo
11841,neutral
2337,neutral
1136,negativo
5708,neutral
11898,neutral
9327,neutral
4041,neutral
9136,negativo
10447,positivo
9912,neutral
7030,negativo
1266,positivo
55,positivo
6311,positivo
5144,positivo
1165,neutral
6761,positivo
10888,neutral
3039,neutral
9708,neutral
2837,negativo
1324,positivo
985,positivo
11861,positivo
8995,positivo
1173,negativo
1336,negativo
7166,positivo
1260,negativo
8594,negativo
9512,negativo
7484,negativo
7654,positivo
5943,positivo
6382,negativo
6004,negativo
8928,neutral
11132,positivo
11085,neutral
10745,neutral
1273,positivo
6131,positivo
11286,negativo
8881,negativo
5281,negativo
11223,positivo
4345,positivo
3318,negativo
4248,negativo
9550,positivo
3811,neutral
5212,negativo
4999,negativo
4849,positivo
8636,negativo
10682,negativo
8440,neutral
9133,neutral
6967,positivo
10781,neutral
8324,neutral
6583,positivo
4863,negativo
7889,neutral
8088,neutral
11793,positivo
2332,neutral
8447,negativo
11058,negativo
9798,negativo
6852,neutral
2100,neutral
3691,positivo
2191,neutral
6139,negativo
6318,negativo
4463,negativo
1734,negativo
383,negativo
5137,neutral
4690,positivo
726,positivo
11519,positivo
2115,neutral
5900,negativo
116,positivo
4048,positivo
6550,neutral
1048,negativo
8289,positivo
8449,negativo
11570,neutral
6564,neutral
8225,neutral
7377,negativo
10381,neutral
10821,negativo
9344,negativo
916,negativo
10171,positivo
10163,neutral
4447,positivo
8997,neutral
10585,neutral
11010,neutral
2833,negativo
9101,negativo
8869,negativo
10525,neutral
11484,negativo
11908,negativo
7230,negativo
8373,negativo
3254,positivo
10080,neutral
6283,positivo
6199,positivo
2223,neutral
6337,neutral
2984,negativo
8027,positivo
5412,positivo
1035,negativo
2232,positivo
3777,positivo
6227,neutral
230,negativo
4039,positivo
9271,negativo
220,negativo
5188,neutral
5404,negativo
2133,neutral
3695,negativo
2213,neutral
480,positivo
8028,negativo
1911,negativo
2598,positivo
7552,positivo
666,positivo
9097,positivo
4959,negativo
10516,negativo
5278,negativo
7296,neutral
7702,positivo
9829,negativo
9256,neutral
5363,neutral
5623,neutral
8509,positivo
8099,negativo
6660,neutral
4074,negativo
11217,negativo
7051,positivo
3482,positivo
1859,positivo
9558,negativo
3032,positivo
270,negativo
7567,positivo
8014,neutral
3114,neutral
1106,negativo
1374,negativo
4642,positivo
199,neutral
3923,negativo
9733,negativo
6397,negativo
6426,neutral
7857,negativo
8148,neutral
8263,neutral
508,neutral
11629,positivo
4686,positivo
718,neutral
2455,positivo
4163,positivo
4947,positivo
1565,positivo
9566,neutral
11401,neutral
8555,negativo
3825,negativo
8955,positivo
7448,negativo
9847,negativo
10177,neutral
5509,positivo
598,negativo
9755,neutral
259,neutral
2991,negativo
9532,positivo
5616,positivo
5348,neutral
3169,positivo
4278,negativo
10253,positivo
1337,positivo
1952,negativo
10186,positivo
2643,neutral
717,negativo
5794,neutral
8053,negativo
11489,neutral
9911,neutral
9631,positivo
6083,negativo
6928,negativo
9111,positivo
9897,negativo
10836,positivo
10991,positivo
6548,negativo
4796,negativo
1772,positivo
11848,neutral
10844,positivo
11542,positivo
2831,positivo
7729,neutral
7775,neutral
2256,negativo
3588,positivo
8171,positivo
5638,negativo
8203,positivo
11618,neutral
1430,neutral
6603,neutral
2834,positivo
4765,positivo
8826,positivo
10867,positivo
10495,negativo
4221,neutral
9889,neutral
115,neutral
6816,neutral
4923,negativo
6140,negativo
4301,positivo
4232,negativo
1108,negativo
5796,negativo
7726,negativo
3469,positivo
3372,negativo
10605,neutral
5808,negativo
11782,negativo
8937,negativo
631,neutral
7892,negativo
7189,negativo
770,positivo
4096,negativo
5797,negativo
6604,positivo
7167,positivo
8220,positivo
8644,neutral
8885,negativo
6228,neutral
7161,neutral
7719,positivo
1548,positivo
9780,negativo
1247,positivo
3716,positivo
743,positivo
146,positivo
8104,neutral
10744,negativo
2804,negativo
5845,negativo
2633,negativo
6849,negativo
3522,neutral
11464,positivo
65,positivo
5565,neutral
9000,positivo
7271,negativo
8815,neutral
2774,negativo
6897,negativo
901,positivo
4368,negativo
11473,negativo
2811,positivo
8983,positivo
9910,negativo
10339,neutral
11044,negativo
6635,negativo
4835,neutral
8136,positivo
11906,positivo
5071,neutral
9332,positivo
5651,positivo
7764,positivo
165,positivo
11467,negativo
6869,neutral
235,negativo
6563,positivo
2855,neutral
10977,neutral
5758,positivo
3917,negativo
10839,positivo
8748,neutral
4435,positivo
6768,negativo
11306,positivo
1805,positivo
9488,neutral
6309,neutral
8893,negativo
5637,neutral
1497,positivo
7577,positivo
8431,positivo
6232,neutral
6584,neutral
8618,positivo
9737,positivo
1542,negativo
10251,negativo
3909,positivo
3310,negativo
11692,negativo
3692,positivo
298,negativo
7629,positivo
8738,positivo
4017,neutral
9010,positivo
3685,neutral
11305,negativo
436,positivo
5157,positivo
11228,negativo
9493,negativo
10735,neutral
5245,positivo
10108,positivo
7452,positivo
6626,neutral
9375,negativo
9669,negativo
4386,positivo
2934,negativo
10189,neutral
2840,positivo
3551,neutral
7141,negativo
3104,neutral
4610,neutral
518,negativo
5736,neutral
1343,negativo
5401,neutral
6159,negativo
6241,positivo
5118,neutral
6003,positivo
11630,positivo
5938,positivo
8184,positivo
727,negativo
10432,neutral
4978,positivo
671,positivo
6844,negativo
5950,neutral
8395,positivo
4300,positivo
9180,positivo
6118,positivo
955,positivo
10623,neutral
5731,negativo
2031,positivo
602,positivo
11604,neutral
7348,neutral
6365,neutral
2271,neutral
10725,neutral
794,neutral
10835,neutral
11209,positivo
5067,negativo
6591,neutral
9078,neutral
1013,neutral
9066,negativo
9668,negativo
6658,positivo
5389,neutral
6733,positivo
4878,negativo
6845,negativo
4361,negativo
2605,negativo
1210,positivo
3455,positivo
11925,negativo
1910,neutral
4940,positivo
3047,positivo
1669,neutral
684,positivo
9027,neutral
7199,neutral
8841,negativo
11047,positivo
7002,neutral
9442,positivo
4682,positivo
1587,positivo
2857,positivo
244,neutral
35,negativo
10006,neutral
11756,neutral
847,positivo
1289,negativo
1453,negativo
8915,negativo
919,negativo
8304,negativo
1499,positivo
10528,neutral
4015,positivo
10930,neutral
7155,positivo
3743,negativo
5068,neutral
3687,neutral
11740,neutral
7094,positivo
6220,negativo
1478,positivo
1423,neutral
5624,positivo
5508,neutral
4118,negativo
375,negativo
3222,negativo
2273,positivo
4238,neutral
3752,positivo
138,negativo
6176,positivo
11109,positivo
3954,neutral
9023,positivo
7183,positivo
9273,positivo
3928,negativo
3053,positivo
10026,positivo
3494,positivo
9843,positivo
11912,negativo
6673,negativo
6250,negativo
148,neutral
2003,neutral
2122,negativo
7723,neutral
1370,negativo
5496,positivo
7883,positivo
9773,positivo
8721,negativo
1330,negativo
8288,negativo
1577,positivo
10669,negativo
7604,positivo
4020,positivo
1016,neutral
767,negativo
4328,neutral
3275,positivo
11877,positivo
3576,positivo
120,positivo
1559,positivo
8626,negativo
2822,negativo
10761,neutral
669,positivo
3069,positivo
574,negativo
6395,neutral
317,neutral
6935,negativo
8251,negativo
9420,positivo
612,positivo
4933,neutral
6294,positivo
5093,negativo
9856,positivo
4134,neutral
5317,neutral
3216,negativo
8081,negativo
5525,neutral
2286,neutral
2539,positivo
2006,negativo
3590,positivo
8348,positivo
368,neutral
5038,negativo
2615,negativo
6651,neutral
11025,negativo
3150,positivo
7400,negativo
254,positivo
1461,positivo
2234,negativo
11062,positivo
10582,positivo
9077,neutral
10379,positivo
9664,neutral
6170,negativo
11517,neutral
10331,positivo
2299,negativo
4114,neutral
7547,neutral
1496,neutral
9441,negativo
1902,positivo
1492,positivo
5771,neutral
3502,neutral
5097,negativo
1057,positivo
5962,positivo
1631,negativo
7962,positivo
11654,negativo
2277,neutral
10814,positivo
10057,neutral
10308,neutral
6253,neutral
3770,negativo
9463,negativo
9743,positivo
3416,negativo
11786,negativo
6068,negativo
303,positivo
4696,positivo
2313,positivo
1251,negativo
5671,positivo
437,negativo
4296,negativo
10599,negativo
7734,negativo
5399,positivo
1943,negativo
9135,neutral
10647,neutral
9635,positivo
2644,neutral
10853,neutral
5214,negativo
3210,positivo
11708,positivo
9964,positivo
2701,negativo
8416,negativo
8922,positivo
1702,neutral
4794,negativo
7044,positivo
11567,positivo
5079,positivo
2606,positivo
5206,positivo
4455,neutral
2247,positivo
5523,positivo
3412,positivo
8381,neutral
7419,positivo
11922,neutral
10349,positivo
1781,neutral
2492,negativo
1182,neutral
9842,positivo
8690,positivo
614,negativo
3406,negativo
1083,neutral
9079,positivo
10969,neutral
1672,positivo
3755,neutral
1511,negativo
11295,neutral
7674,negativo
10837,neutral
9397,neutral
7784,positivo
3369,positivo
5075,positivo
3367,neutral
6577,neutral
5517,positivo
10774,positivo
7607,positivo
11619,negativo
526,neutral
10739,positivo
8186,positivo
9471,neutral
7077,neutral
844,neutral
8932,neutral
8118,neutral
2520,positivo
8668,negativo
6621,negativo
611,negativo
1459,neutral
7081,positivo
8480,neutral
3753,neutral
9264,negativo
1186,neutral
5006,negativo
8894,neutral
1728,neutral
539,neutral
922,negativo
10750,negativo
2918,positivo
2079,negativo
11530,positivo
5589,negativo
11354,negativo
10954,negativo
9528,positivo
9323,positivo
11439,positivo
4571,positivo
140,positivo
5542,negativo
7822,positivo
1072,negativo
3627,positivo
10705,negativo
10649,positivo
4160,positivo
2899,positivo
3652,neutral
2306,negativo
9037,positivo
2667,positivo
1224,positivo
1216,neutral
6992,neutral
8196,negativo
10111,negativo
11241,negativo
10367,positivo
8378,negativo
9654,positivo
7087,negativo
7691,neutral
399,neutral
6448,neutral
2920,negativo
11358,positivo
6792,positivo
2664,positivo
6945,neutral
4684,positivo
6141,negativo
10783,negativo
5915,positivo
11967,negativo
1976,negativo
4971,positivo
10854,positivo
7838,neutral
6876,positivo
11718,positivo
234,neutral
9255,negativo
8448,positivo
8858,negativo
2121,positivo
9836,neutral
11734,neutral
1969,negativo
3787,positivo
1145,positivo
4257,neutral
11758,positivo
376,negativo
7427,positivo
7449,negativo
5158,neutral
8628,neutral
10200,positivo
5729,positivo
4305,negativo
11141,negativo
2743,neutral
619,neutral
8973,negativo
515,negativo
3933,neutral
6627,neutral
1010,negativo
9213,neutral
5539,negativo
11971,negativo
10019,neutral
3580,positivo
1198,negativo
9940,negativo
6771,negativo
10737,positivo
3060,negativo
5899,positivo
134,positivo
9062,positivo
3552,negativo
49,negativo
6234,positivo
8845,neutral
4672,positivo
7429,positivo
4438,neutral
3184,negativo
9278,neutral
4283,positivo
5059,neutral
3930,positivo
6289,neutral
10678,neutral
5951,negativo
3893,neutral
8441,neutral
9082,positivo
11691,negativo
4631,negativo
10204,positivo
899,negativo
10464,positivo
94,neutral
11796,neutral
8889,negativo
7031,positivo
10145,negativo
1723,positivo
4566,positivo
9368,neutral
6363,positivo
1401,neutral
584,neutral
3959,neutral
5106,neutral
11589,negativo
7466,positivo
2097,negativo
1556,neutral
7168,neutral
4128,negativo
5911,negativo
8902,negativo
8200,neutral
2162,neutral
6323,negativo
3249,neutral
11768,positivo
41,negativo
6074,neutral
3500,negativo
3480,neutral
3871,positivo
8737,positivo
3641,positivo
7093,negativo
2169,negativo
2797,positivo
8460,negativo
10659,negativo
11387,negativo
2144,neutral
4417,negativo
9490,negativo
6649,neutral
2391,negativo
8987,negativo
3653,positivo
11555,negativo
989,positivo
10065,neutral
7790,neutral
4411,positivo
6047,negativo
2829,positivo
11648,neutral
6453,neutral
2342,negativo
10269,negativo
9046,positivo
3479,positivo
10713,negativo
3773,negativo
9683,negativo
3340,positivo
1822,negativo
8137,negativo
3657,negativo
11076,positivo
509,negativo
5456,neutral
9081,neutral
8268,negativo
5823,negativo
8313,negativo
4460,negativo
3443,neutral
7414,neutral
345,neutral
2248,negativo
4325,negativo
7173,negativo
3894,negativo
7596,neutral
6901,neutral
5964,neutral
5997,neutral
4326,neutral
10842,neutral
10431,neutral
2735,neutral
2753,negativo
8873,negativo
3948,positivo
4198,neutral
9841,positivo
10254,neutral
11785,positivo
4390,positivo
5270,positivo
5470,negativo
2307,neutral
11761,negativo
8114,negativo
10128,neutral
6670,positivo
5458,negativo
8054,neutral
7394,positivo
6166,positivo
10303,negativo
4836,neutral
559,positivo
11888,positivo
11878,positivo
991,positivo
482,neutral
640,positivo
8004,positivo
11730,negativo
10,positivo
8545,negativo
759,negativo
3605,negativo
290,neutral
287,negativo
276,positivo
9625,neutral
6578,neutral
1869,positivo
5505,neutral
5686,neutral
9636,neutral
9044,neutral
11478,neutral
3940,positivo
9926,positivo
7441,neutral
10052,negativo
7070,negativo
10498,negativo
951,positivo
9611,negativo
4759,positivo
2112,neutral
6644,positivo
5860,negativo
5055,neutral
6912,neutral
9863,positivo
1004,positivo
11875,neutral
7940,negativo
4047,negativo
2626,negativo
416,positivo
2110,neutral
6905,neutral
5342,positivo
3212,neutral
11787,positivo
10219,positivo
8013,neutral
5110,negativo
7115,positivo
3341,negativo
455,negativo
3135,negativo
3814,negativo
10203,positivo
1287,negativo
5169,negativo
2270,negativo
9632,negativo
4899,negativo
9594,neutral
10092,positivo
5904,neutral
3702,neutral
7023,negativo
23,negativo
8018,positivo
3490,positivo
10060,positivo
9769,positivo
7227,negativo
70,negativo
7944,positivo
5978,positivo
4846,positivo
9377,positivo
685,positivo
9400,positivo
8020,negativo
11136,positivo
828,positivo
4981,negativo
3432,neutral
2359,positivo
9529,positivo
6222,negativo
4719,negativo
274,negativo
11254,neutral
855,neutral
9012,negativo
11931,positivo
2217,negativo
9954,positivo
3945,negativo
1449,positivo
7467,neutral
5629,negativo
8536,negativo
6114,neutral
7504,negativo
4119,negativo
9031,neutral
5602,positivo
4477,positivo
1753,neutral
8248,positivo
8563,negativo
3972,neutral
8963,positivo
7073,positivo
4847,positivo
1941,positivo
857,negativo
735,neutral
11108,negativo
930,positivo
9119,negativo
3388,neutral
1248,neutral
10099,neutral
6840,negativo
3336,negativo
9346,negativo
11208,negativo
2072,neutral
9506,positivo
11711,positivo
4217,positivo
9661,positivo
5853,neutral
9457,positivo
11670,negativo
446,positivo
9555,neutral
9645,neutral
3288,negativo
503,negativo
732,neutral
5829,neutral
9267,negativo
3493,negativo
4637,negativo
5543,positivo
481,negativo
5101,neutral
11546,negativo
3487,neutral
6579,neutral
5190,neutral
5876,positivo
5830,neutral
10312,positivo
11396,negativo
8513,negativo
8904,positivo
1102,negativo
2873,negativo
1258,neutral
11977,neutral
10389,positivo
7651,neutral
10298,negativo
10380,negativo
7117,neutral
2171,neutral
542,neutral
3937,positivo
4250,negativo
1657,neutral
8140,positivo
6417,positivo
4109,negativo
9643,neutral
440,positivo
3291,positivo
11383,positivo
2473,neutral
9776,positivo
7072,positivo
1020,neutral
5426,positivo
4649,negativo
3131,neutral
10287,negativo
5430,neutral
8499,negativo
1618,neutral
6699,neutral
3503,negativo
3630,neutral
5572,negativo
4067,negativo
1203,negativo
6535,negativo
8698,positivo
1468,neutral
10105,positivo
11503,negativo
8910,neutral
2509,negativo
8823,negativo
4391,positivo
865,negativo
10088,negativo
8974,negativo
5398,negativo
6116,negativo
762,negativo
9742,positivo
7184,negativo
2502,neutral
10973,negativo
8498,neutral
3874,neutral
3724,negativo
1884,neutral
6027,positivo
9816,positivo
2154,neutral
2622,negativo
10426,neutral
4728,positivo
4085,neutral
6276,neutral
5724,neutral
2516,positivo
7304,neutral
557,neutral
1197,negativo
8100,negativo
4717,neutral
3673,negativo
2689,positivo
3737,negativo
11441,positivo
417,negativo
9975,neutral
7888,positivo
1942,neutral
3565,positivo
5298,neutral
7300,negativo
10618,negativo
1861,positivo
8906,positivo
6899,neutral
9337,negativo
2936,positivo
4891,positivo
11970,neutral
9587,positivo
11615,positivo
2945,neutral
942,positivo
3961,negativo
9191,negativo
10392,positivo
1795,neutral
5337,positivo
8852,negativo
7598,negativo
4811,negativo
428,positivo
5256,positivo
4562,negativo
10808,negativo
10492,negativo
8539,neutral
7998,neutral
9637,positivo
5811,neutral
10228,neutral
8230,positivo
3343,neutral
1464,positivo
5370,negativo
1909,positivo
923,neutral
11772,negativo
9549,negativo
10740,negativo
2462,neutral
9402,negativo
11747,positivo
6805,negativo
4592,neutral
7282,positivo
10011,negativo
452,neutral
3678,positivo
3137,negativo
1546,positivo
825,positivo
8716,positivo
5482,negativo
125,negativo
1764,negativo
4203,positivo
2142,positivo
6641,neutral
1555,positivo
9789,positivo
1151,neutral
9412,neutral
8521,negativo
8767,negativo
7886,positivo
7708,negativo
2694,positivo
10767,neutral
8282,negativo
8211,neutral
4400,neutral
1488,positivo
6684,negativo
1501,neutral
11921,negativo
11169,neutral
11065,negativo
9103,neutral
7872,positivo
9069,positivo
5865,positivo
6981,neutral
5730,positivo
10457,neutral
8173,negativo
7870,positivo
108,neutral
3251,neutral
10560,neutral
11159,negativo
11938,negativo
7746,negativo
1408,neutral
5883,negativo
2472,neutral
11194,positivo
7101,negativo
9036,negativo
2007,neutral
8544,positivo
1578,neutral
2105,neutral
1342,neutral
3019,negativo
4553,neutral
2471,positivo
9535,neutral
3402,negativo
6714,negativo
2179,negativo
9492,neutral
3729,neutral
11026,neutral
1436,negativo
10733,negativo
11454,negativo
2343,neutral
6722,positivo
10360,negativo
403,negativo
2396,negativo
4066,positivo
5632,positivo
10652,positivo
4169,positivo
5662,negativo
11345,neutral
6237,negativo
3244,neutral
1246,positivo
10029,negativo
472,positivo
7020,negativo
5569,negativo
2376,negativo
10116,negativo
7711,positivo
3862,positivo
5373,neutral
3577,positivo
11326,negativo
8592,neutral
11027,negativo
1655,positivo
47,negativo
3735,neutral
4479,positivo
4021,neutral
947,positivo
10078,positivo
2906,positivo
11767,positivo
2240,neutral
6534,neutral
8380,positivo
2070,positivo
870,negativo
9409,neutral
986,positivo
10161,neutral
9976,neutral
7019,positivo
11410,positivo
1552,positivo
190,positivo
927,negativo
900,negativo
3322,positivo
10743,negativo
10294,positivo
6883,neutral
2060,negativo
7632,positivo
4597,positivo
2366,negativo
8561,negativo
5942,negativo
9548,positivo
589,negativo
5294,neutral
3123,positivo
38,neutral
9696,neutral
8985,neutral
10626,negativo
3828,neutral
8550,positivo
8656,positivo
6414,negativo
7446,neutral
8010,neutral
5464,positivo
183,positivo
954,positivo
10793,neutral
1270,neutral
2989,positivo
6590,positivo
319,neutral
4226,neutral
8797,neutral
10766,positivo
2931,positivo
2543,positivo
4621,positivo
1793,neutral
92,neutral
8540,neutral
7387,neutral
11251,negativo
11406,positivo
101,positivo
9429,positivo
11825,negativo
7820,positivo
8158,negativo
2364,neutral
3021,neutral
1563,negativo
7669,positivo
5666,neutral
9437,positivo
5078,positivo
9952,negativo
9305,positivo
5242,neutral
3634,neutral
2960,negativo
9899,positivo
9439,negativo
5352,positivo
8952,positivo
7457,negativo
6868,neutral
10900,positivo
9244,positivo
7342,negativo
5254,negativo
4712,neutral
4172,neutral
11774,negativo
2365,positivo
10934,positivo
9827,positivo
1050,negativo
7053,positivo
4972,negativo
7871,positivo
8356,negativo
5643,neutral
9260,positivo
5033,positivo
5862,neutral
3827,negativo
7912,negativo
8492,positivo
2451,negativo
7208,neutral
11148,positivo
8686,negativo
7869,positivo
8908,neutral
7390,positivo
7899,negativo
7098,neutral
10191,negativo
4864,positivo
1765,positivo
10014,positivo
494,positivo
6415,positivo
9416,negativo
4643,neutral
3408,positivo
9075,neutral
4053,negativo
5974,negativo
3952,neutral
4112,negativo
9502,neutral
11080,positivo
9219,positivo
782,positivo
8916,negativo
8453,negativo
677,negativo
11930,positivo
11389,positivo
10156,negativo
1462,neutral
1837,neutral
2619,negativo
9563,positivo
658,neutral
8079,negativo
5854,negativo
635,negativo
282,neutral
4590,positivo
8374,neutral
5368,neutral
10539,neutral
8222,neutral
5777,positivo
9005,negativo
8660,negativo
9846,neutral
5598,negativo
7285,negativo
4080,positivo
3237,neutral
1965,neutral
3786,neutral
11682,positivo
10777,positivo
1838,positivo
6770,neutral
4051,positivo
6653,neutral
9331,neutral
4687,negativo
1544,positivo
1994,neutral
6412,negativo
349,negativo
5620,negativo
1572,positivo
999,positivo
10217,neutral
10437,positivo
3772,positivo
753,positivo
9120,negativo
6362,positivo
9531,neutral
6580,neutral
10878,neutral
4031,positivo
9065,positivo
7355,positivo
1953,negativo
506,positivo
11606,positivo
3997,negativo
3934,negativo
7232,negativo
4310,neutral
34,neutral
7718,neutral
7556,negativo
10243,positivo
6487,negativo
7266,neutral
1119,negativo
3140,negativo
1153,neutral
3706,neutral
4288,positivo
5606,neutral
8856,positivo
11275,neutral
678,positivo
7840,neutral
9009,positivo
7558,positivo
8709,neutral
11963,positivo
10762,negativo
3214,neutral
7143,neutral
2900,neutral
9473,negativo
4299,neutral
10373,positivo
1191,negativo
6102,neutral
1168,negativo
5707,neutral
5497,negativo
11998,negativo
1749,positivo
5134,negativo
2717,negativo
10760,negativo
9874,negativo
2846,neutral
6495,neutral
1745,positivo
8763,neutral
4348,neutral
1731,negativo
11043,positivo
7320,negativo
5757,neutral
1710,neutral
9432,positivo
5122,negativo
9163,negativo
1269,positivo
1229,neutral
3477,negativo
5199,neutral
8827,neutral
11278,positivo
11039,neutral
11558,neutral
11496,negativo
11540,negativo
4745,positivo
9388,neutral
2923,positivo
11828,positivo
309,positivo
2898,positivo
11020,negativo
3995,negativo
6193,positivo
11218,positivo
7128,neutral
8275,negativo
8432,positivo
9671,positivo
9741,negativo
379,negativo
9098,neutral
4009,neutral
9962,negativo
1858,neutral
7470,negativo
10264,neutral
10134,positivo
9879,positivo
2040,negativo
7647,negativo
10418,negativo
8657,positivo
2025,positivo
7181,positivo
7814,neutral
5345,neutral
5283,negativo
2123,positivo
3589,neutral
5209,negativo
9802,neutral
9253,positivo
9266,positivo
2554,positivo
10840,negativo
11160,positivo
7506,neutral
5838,negativo
9224,negativo
9729,negativo
984,positivo
9951,negativo
2739,neutral
11285,negativo
6103,positivo
8584,negativo
3061,negativo
11674,positivo
7309,neutral
10632,neutral
8825,neutral
2228,neutral
4430,neutral
9817,positivo
7018,negativo
9396,neutral
639,negativo
9239,positivo
2236,neutral
11694,positivo
4851,negativo
1783,positivo
11338,positivo
6093,positivo
993,neutral
11504,positivo
11657,neutral
6976,positivo
7854,positivo
4057,positivo
10933,neutral
10617,negativo
8783,positivo
11175,neutral
7671,positivo
5890,positivo
9987,positivo
2625,neutral
4875,neutral
1826,positivo
2226,negativo
2883,negativo
8929,negativo
910,positivo
4848,neutral
69,neutral
5547,negativo
1797,neutral
6837,positivo
8735,positivo
974,neutral
3342,neutral
2091,positivo
1767,neutral
6105,negativo
9106,neutral
8608,positivo
7443,negativo
2447,negativo
10765,negativo
11729,positivo
11506,neutral
952,positivo
6597,positivo
4988,negativo
8740,neutral
2136,negativo
9744,positivo
577,positivo
11240,positivo
3982,positivo
5330,negativo
9793,neutral
3543,negativo
5599,neutral
5987,negativo
11783,positivo
3139,positivo
5715,neutral
7444,positivo
2838,neutral
1286,positivo
7557,neutral
1840,negativo
8935,neutral
6902,neutral
9231,neutral
9250,positivo
10851,neutral
8300,neutral
8011,negativo
1183,positivo
6174,neutral
9109,negativo
5108,positivo
7621,positivo
11423,neutral
10358,positivo
9701,negativo
2682,neutral
10348,neutral
7178,negativo
1656,negativo
2024,positivo
6346,positivo
7180,positivo
7351,negativo
9710,neutral
2608,neutral
531,negativo
5630,negativo
3173,negativo
8634,negativo
8892,neutral
7459,neutral
7270,negativo
5614,negativo
2699,negativo
3553,negativo
7983,positivo
142,negativo
10517,neutral
3141,positivo
11264,negativo
8408,negativo
4035,neutral
2412,positivo
6545,neutral
5611,neutral
5892,neutral
6687,negativo
4364,negativo
10124,negativo
8280,neutral
6544,positivo
1637,neutral
139,neutral
3764,neutral
7462,positivo
4946,negativo
3332,negativo
6877,neutral
1085,negativo
11549,negativo
5908,positivo
33,negativo
1758,positivo
8227,positivo
2352,positivo
6968,neutral
2216,neutral
1041,neutral
7255,positivo
9173,positivo
8309,neutral
1346,positivo
6386,positivo
5567,positivo
7447,positivo
5889,neutral
8930,neutral
5608,positivo
2754,positivo
9916,positivo
6287,negativo
5193,positivo
5385,neutral
6491,positivo
7303,positivo
11082,positivo
4014,neutral
3062,negativo
11554,positivo
28,neutral
4,positivo
9746,negativo
5174,negativo
5403,neutral
6377,neutral
1622,negativo
6924,positivo
475,positivo
9991,positivo
3807,neutral
4880,positivo
10074,neutral
10359,negativo
9394,negativo
1944,negativo
2358,negativo
7075,negativo
8975,negativo
1991,neutral
2851,neutral
10519,positivo
1132,negativo
7650,neutral
8559,negativo
1550,neutral
194,positivo
10415,negativo
4890,neutral
1686,positivo
2005,neutral
9282,negativo
86,positivo
529,positivo
2083,negativo
7791,neutral
5526,neutral
11671,negativo
2542,negativo
8812,positivo
8160,neutral
7968,neutral
2214,neutral
11927,positivo
2623,positivo
6182,neutral
210,positivo
8269,neutral
6922,neutral
7683,positivo
8308,positivo
5259,neutral
3973,neutral
10316,positivo
11041,neutral
10866,positivo
11220,positivo
10021,negativo
6774,neutral
2099,positivo
883,negativo
868,neutral
3824,negativo
2970,positivo
7507,negativo
5362,negativo
11090,positivo
7154,negativo
2805,positivo
278,negativo
1257,positivo
8992,negativo
7089,negativo
3414,negativo
9257,neutral
9641,neutral
10565,neutral
6801,neutral
4920,positivo
4355,positivo
3672,neutral
3611,positivo
10907,negativo
3929,positivo
4902,neutral
11403,neutral
5685,negativo
6799,negativo
3284,positivo
2909,positivo
1008,neutral
8918,negativo
2478,neutral
786,positivo
7225,neutral
11583,neutral
2346,neutral
7423,negativo
3382,positivo
5396,negativo
10103,neutral
7811,positivo
2629,positivo
8506,neutral
10511,positivo
913,neutral
1369,neutral
5667,neutral
9236,negativo
1508,neutral
1989,positivo
10497,negativo
4027,negativo
11937,negativo
595,neutral
11050,negativo
4451,neutral
1687,negativo
4317,negativo
4983,negativo
6219,positivo
11379,negativo
3723,negativo
8919,neutral
3924,positivo
1912,negativo
9217,negativo
8048,negativo
11445,positivo
4281,negativo
11678,neutral
9884,negativo
7383,negativo
6969,positivo
3444,positivo
1022,negativo
4905,positivo
11839,positivo
5427,negativo
5126,negativo
9196,negativo
7096,positivo
4860,negativo
8474,neutral
9374,neutral
3523,neutral
7229,negativo
1769,negativo
7439,negativo
5770,negativo
1938,negativo
5741,neutral
3883,negativo
6505,neutral
7437,positivo
3029,positivo
11452,positivo
3721,positivo
3967,positivo
6185,positivo
11451,positivo
11265,neutral
4773,positivo
4352,negativo
8483,positivo
3966,neutral
5549,negativo
11849,positivo
463,neutral
1421,positivo
4165,neutral
5767,neutral
1534,negativo
5939,neutral
8371,negativo
5967,positivo
11494,positivo
11574,positivo
5225,neutral
2454,positivo
6369,negativo
2645,positivo
10295,positivo
10654,negativo
5432,positivo
789,positivo
2588,negativo
4211,negativo
7913,neutral
5474,negativo
7902,negativo
3419,neutral
1018,positivo
1897,negativo
500,positivo
4782,negativo
1632,negativo
1612,positivo
1135,neutral
5935,negativo
9316,positivo
7918,neutral
423,positivo
824,positivo
3837,positivo
3703,positivo
7392,neutral
10880,positivo
8727,negativo
9486,positivo
6364,negativo
8181,neutral
11163,negativo
924,positivo
1045,negativo
2724,neutral
3148,positivo
6450,neutral
2727,negativo
8931,positivo
3066,neutral
1259,negativo
2021,positivo
9756,negativo
659,negativo
64,positivo
8876,positivo
4150,neutral
9290,neutral
1099,positivo
6955,neutral
10383,positivo
995,positivo
7186,positivo
8312,neutral
2514,neutral
4829,neutral
626,negativo
10848,neutral
4117,neutral
9595,positivo
11035,neutral
3867,positivo
1926,positivo
4827,negativo
4452,positivo
2351,neutral
3895,positivo
4755,positivo
5649,negativo
9920,neutral
10489,positivo
4445,neutral
8548,neutral
3232,negativo
6349,positivo
5291,negativo
9859,negativo
8404,positivo
5886,neutral
8469,neutral
10095,neutral
7709,negativo
7574,negativo
4955,negativo
153,neutral
8024,positivo
1736,neutral
164,negativo
8551,negativo
6335,neutral
6198,neutral
4638,negativo
4867,negativo
2995,neutral
187,positivo
75,neutral
10653,neutral
7071,negativo
11359,negativo
4178,positivo
5548,positivo
10318,negativo
2173,positivo
6528,negativo
6781,neutral
8239,neutral
2349,positivo
8349,neutral
5552,positivo
688,negativo
3854,negativo
572,positivo
1228,negativo
10257,neutral
4555,positivo
8145,negativo
5756,neutral
690,neutral
10233,negativo
6060,negativo
5030,positivo
921,negativo
7455,negativo
5358,neutral
5674,neutral
8760,negativo
2938,negativo
1718,positivo
8512,positivo
3900,negativo
1458,neutral
2222,negativo
3965,positivo
10343,positivo
3922,positivo
11806,neutral
9295,positivo
2512,negativo
4167,positivo
8321,neutral
9822,positivo
9547,negativo
6964,negativo
5946,negativo
1179,negativo
7505,positivo
9281,neutral
7169,neutral
3768,negativo
9289,positivo
8109,negativo
5488,negativo
7549,neutral
670,positivo
4722,positivo
2096,neutral
7911,neutral
6828,positivo
3512,negativo
1064,positivo
7328,negativo
10208,negativo
3739,negativo
9200,negativo
1623,neutral
10362,neutral
1486,negativo
5249,neutral
11810,negativo
664,positivo
7171,positivo
6759,neutral
4224,neutral
9597,positivo
3376,positivo
8652,neutral
2636,neutral
1465,neutral
4548,neutral
1036,neutral
3337,positivo
6940,negativo
10868,positivo
7395,negativo
5703,neutral
8003,neutral
747,neutral
5760,positivo
5019,negativo
1334,neutral
9562,negativo
11993,negativo
7740,negativo
4478,positivo
9105,negativo
773,neutral
9679,positivo
6183,negativo
805,neutral
2962,negativo
10583,negativo
10224,neutral
4098,negativo
4162,neutral
11216,positivo
11427,neutral
6122,negativo
4410,negativo
6736,negativo
7337,negativo
11022,negativo
8346,neutral
11170,neutral
580,neutral
3639,neutral
11357,negativo
6249,positivo
10586,negativo
8193,neutral
9123,neutral
8693,positivo
262,positivo
7492,neutral
9022,positivo
7996,negativo
8765,positivo
7338,negativo
340,negativo
5519,neutral
9172,positivo
3936,neutral
1790,neutral
7361,neutral
189,negativo
8007,neutral
11992,neutral
2541,negativo
7600,negativo
1185,negativo
11198,negativo
7756,negativo
371,neutral
8283,negativo
1903,neutral
3953,positivo
10736,negativo
307,neutral
6184,negativo
2158,positivo
1688,neutral
1830,positivo
1256,positivo
1414,negativo
3711,positivo
10573,negativo
9644,positivo
5642,neutral
9825,negativo
797,neutral
8157,negativo
3377,neutral
7119,positivo
5392,positivo
2381,positivo
10028,negativo
1705,negativo
11055,neutral
7905,neutral
510,positivo
2192,negativo
7284,positivo
3748,positivo
6652,negativo
8036,positivo
9029,negativo
8966,positivo
4795,negativo
7670,negativo
3730,neutral
3507,negativo
11045,positivo
6830,neutral
3990,negativo
489,positivo
2600,neutral
9876,positivo
5021,negativo
5359,negativo
2681,negativo
425,neutral
6037,neutral
3446,negativo
1593,positivo
6134,negativo
4873,negativo
2317,negativo
4529,neutral
10260,positivo
4645,positivo
1047,positivo
10543,negativo
3830,positivo
1992,positivo
11665,negativo
4292,positivo
517,negativo
5850,negativo
5839,positivo
8959,negativo
5041,negativo
3458,positivo
344,neutral
4472,negativo
4294,positivo
7573,negativo
1391,positivo
4136,negativo
7696,negativo
5147,neutral
7149,positivo
8957,negativo
1264,positivo
1447,neutral
3428,neutral
11709,positivo
2933,neutral
4519,positivo
207,negativo
11563,negativo
7254,positivo
4068,negativo
82,positivo
11815,positivo
2172,positivo
3562,negativo
3350,neutral
6856,neutral
2546,negativo
3387,positivo
4523,positivo
5535,positivo
9274,neutral
973,negativo
5400,positivo
2264,neutral
5798,negativo
7038,neutral
8352,negativo
7164,neutral
2712,neutral
8846,negativo
11182,neutral
5869,positivo
7806,negativo
8162,neutral
6726,positivo
141,neutral
5149,neutral
8463,neutral
11863,positivo
6741,positivo
1980,positivo
5040,positivo
5665,positivo
29,negativo
739,negativo
5917,positivo
981,negativo
8684,neutral
11342,negativo
8138,positivo
4004,positivo
2341,positivo
8428,negativo
5109,positivo
2436,neutral
5204,negativo
1939,neutral
5852,neutral
11023,neutral
3316,positivo
391,negativo
8359,negativo
6319,negativo
4935,neutral
9620,positivo
5875,positivo
10956,negativo
10662,neutral
1305,positivo
7138,positivo
9815,negativo
11748,negativo
3460,positivo
6145,positivo
3876,positivo
78,positivo
11314,negativo
2510,positivo
11637,negativo
301,positivo
9061,neutral
2178,positivo
2584,neutral
5333,positivo
8785,positivo
2896,positivo
4986,negativo
7893,negativo
11185,neutral
4506,positivo
1130,positivo
5002,neutral
8497,negativo
7005,neutral
10755,positivo
5320,neutral
1397,negativo
610,neutral
3084,negativo
9080,negativo
7501,neutral
2114,negativo
9177,positivo
831,positivo
3564,positivo
9054,neutral
11954,neutral
1828,positivo
10282,neutral
2670,neutral
4316,negativo
6173,positivo
6895,positivo
4146,positivo
8956,neutral
3986,neutral
5261,positivo
2397,negativo
4339,neutral
2229,neutral
5678,neutral
5533,neutral
4887,neutral
4252,neutral
6444,positivo
7617,neutral
7297,positivo
7875,neutral
4262,positivo
7720,neutral
11864,positivo
7318,positivo
11598,positivo
93,positivo
8331,negativo
11321,negativo
5615,negativo
5594,positivo
1014,negativo
11844,negativo
11679,positivo
9813,negativo
266,negativo
656,positivo
9321,neutral
4951,negativo
4559,neutral
6730,positivo
11202,neutral
2033,neutral
4244,positivo
8347,neutral
7134,neutral
6762,positivo
8,positivo
7216,positivo
3257,neutral
10850,neutral
9699,positivo
8134,negativo
1541,negativo
1299,negativo
10110,positivo
9678,negativo
7798,neutral
10607,negativo
10168,negativo
10483,positivo
6810,neutral
9560,positivo
10301,positivo
9883,neutral
6838,neutral
7938,neutral
5587,positivo
2978,negativo
6070,neutral
10685,positivo
16,positivo
11320,positivo
6831,positivo
7417,negativo
414,neutral
7290,negativo
11538,neutral
5313,negativo
3071,positivo
7794,negativo
2426,negativo
4515,neutral
137,positivo
6990,neutral
8252,negativo
7885,negativo
4220,neutral
8164,positivo
5023,positivo
7175,negativo
10559,positivo
6148,negativo
6469,negativo
775,positivo
3351,neutral
7011,negativo
3088,neutral
5687,negativo
6743,neutral
10396,positivo
566,positivo
11585,positivo
2780,negativo
2009,positivo
4537,positivo
166,neutral
3533,positivo
3715,positivo
8667,negativo
7681,neutral
4509,negativo
315,positivo
3051,negativo
313,negativo
1512,negativo
8795,negativo
7780,negativo
7622,negativo
5351,negativo
118,neutral
10890,negativo
10143,neutral
7528,positivo
11046,negativo
9095,positivo
6721,positivo
4560,neutral
10872,negativo
6863,neutral
544,neutral
9074,neutral
1666,neutral
652,negativo
10009,positivo
5454,neutral
896,negativo
1658,negativo
4342,negativo
10371,positivo
10376,neutral
6552,negativo
10341,neutral
3713,neutral
10833,positivo
3638,negativo
4663,neutral
11913,positivo
10699,neutral
7697,neutral
9050,positivo
2058,neutral
3106,neutral
6266,positivo
10013,negativo
10651,positivo
10466,positivo
10650,neutral
5369,negativo
3496,positivo
11350,positivo
2211,negativo
6798,positivo
3988,negativo
6005,negativo
8017,neutral
6376,negativo
5835,negativo
2793,negativo
7652,positivo
3421,neutral
6423,negativo
4658,neutral
3600,negativo
10693,positivo
7034,positivo
5491,negativo
9947,negativo
241,negativo
2861,positivo
3028,negativo
5017,positivo
2523,neutral
1506,positivo
4175,neutral
5781,positivo
7887,positivo
829,positivo
10150,positivo
9716,negativo
11384,negativo
5748,negativo
9848,neutral
8568,positivo
2914,neutral
4929,positivo
8724,negativo
2940,positivo
10214,positivo
8072,negativo
1243,neutral
1668,positivo
1935,positivo
11229,negativo
4483,negativo
879,positivo
6044,neutral
221,neutral
8267,positivo
4832,negativo
4907,positivo
389,negativo
291,negativo
4148,neutral
11870,neutral
2688,positivo
4341,neutral
7542,negativo
11975,positivo
10235,positivo
8831,negativo
2311,neutral
561,neutral
11270,negativo
3489,neutral
3445,neutral
5658,positivo
8241,neutral
3313,neutral
10994,neutral
3963,neutral
6245,neutral
10664,positivo
5286,negativo
8914,neutral
5343,positivo
6248,negativo
9060,negativo
11119,neutral
5308,negativo
9705,neutral
3112,neutral
4868,positivo
6207,negativo
9122,negativo
8993,neutral
8814,neutral
5444,negativo
2119,negativo
9415,negativo
11687,positivo
11200,negativo
3050,negativo
1024,negativo
5846,neutral
2947,negativo
5583,negativo
9561,positivo
11221,positivo
3660,positivo
4267,positivo
5893,positivo
2603,negativo
6111,positivo
7562,positivo
1711,positivo
2304,positivo
4502,negativo
6525,neutral
3907,positivo
7219,positivo
11834,neutral
3081,positivo
1627,positivo
2551,positivo
9606,positivo
7064,negativo
7659,negativo
653,negativo
11743,positivo
9929,positivo
2624,negativo
9946,neutral
758,positivo
3738,positivo
9602,neutral
5246,positivo
4011,negativo
4528,neutral
9721,neutral
9414,positivo
3677,neutral
741,negativo
6589,negativo
876,neutral
1747,positivo
6073,positivo
2379,neutral
7258,neutral
618,neutral
8129,negativo
1407,neutral
3122,negativo
3033,negativo
4081,positivo
8934,positivo
7897,neutral
7667,negativo
10101,negativo
10411,positivo
997,negativo
11189,negativo
6769,neutral
9073,negativo
2494,positivo
6892,negativo
5311,negativo
7673,positivo
9070,neutral
11284,neutral
9585,neutral
535,negativo
10322,positivo
5285,positivo
1654,negativo
11706,positivo
5723,neutral
5684,neutral
8229,negativo
8124,neutral
11154,neutral
7859,positivo
4247,positivo
9536,negativo
9573,positivo
1006,negativo
6052,negativo
11360,negativo
6151,neutral
6557,positivo
2669,positivo
11924,neutral
10049,neutral
11398,neutral
3775,positivo
1495,negativo
8272,negativo
5564,negativo
10846,neutral
3378,neutral
267,positivo
3146,negativo
2925,neutral
11116,neutral
2090,negativo
8471,positivo
11601,negativo
10194,negativo
2562,neutral
1722,positivo
6127,neutral
1118,negativo
6439,positivo
4069,positivo
5428,positivo
285,neutral
2656,positivo
7388,negativo
1416,positivo
4099,positivo
11895,positivo
8296,positivo
1184,positivo
5395,negativo
7292,positivo
6339,negativo
11100,positivo
4945,neutral
11668,positivo
8798,neutral
378,neutral
5928,neutral
10059,positivo
6973,negativo
260,positivo
5701,positivo
4816,neutral
11926,neutral
7,negativo
10953,neutral
4858,positivo
1689,neutral
8398,positivo
9319,negativo
1662,negativo
8673,neutral
9034,positivo
2732,neutral
9986,neutral
5634,neutral
6602,positivo
5119,positivo
4396,positivo
8350,neutral
10212,neutral
9593,negativo
8954,positivo
3357,neutral
4660,neutral
347,positivo
10098,positivo
1570,negativo
8436,neutral
9277,negativo
4030,neutral
2506,negativo
6211,positivo
6032,neutral
1163,neutral
4353,neutral
6051,neutral
10280,positivo
10569,negativo
3524,negativo
3508,positivo
11973,neutral
8092,negativo
7445,positivo
3731,positivo
8646,neutral
9020,neutral
3118,neutral
1924,negativo
4457,negativo
7368,positivo
11157,negativo
11656,negativo
2786,positivo
9998,negativo
889,negativo
7370,negativo
1900,negativo
6256,neutral
4332,neutral
8996,positivo
7706,negativo
6938,positivo
7493,positivo
9085,positivo
1933,positivo
5856,positivo
7860,positivo
10424,positivo
3890,positivo
6789,neutral
7539,neutral
4744,neutral
1031,positivo
10355,positivo
7932,positivo
8472,positivo
1853,neutral
2303,negativo
9977,neutral
11580,negativo
9376,positivo
3054,negativo
8832,negativo
1076,neutral
7877,positivo
8708,negativo
10054,negativo
8664,neutral
8205,neutral
6993,negativo
8237,positivo
5094,negativo
846,neutral
2350,positivo
1754,neutral
11988,neutral
6213,positivo
7000,neutral
4834,negativo
2981,positivo
5931,neutral
9158,neutral
6950,positivo
5253,neutral
6855,neutral
3065,negativo
6823,negativo
2808,neutral
9059,neutral
1049,positivo
4990,neutral
10596,positivo
150,negativo
1356,negativo
11147,neutral
1580,negativo
8855,positivo
27,negativo
7007,neutral
6605,neutral
1968,neutral
471,neutral
6217,neutral
8409,negativo
1951,positivo
1885,negativo
10030,neutral
10104,positivo
9554,positivo
707,positivo
2153,positivo
11765,neutral
2036,neutral
3035,neutral
6846,positivo
3725,negativo
2023,neutral
9458,negativo
5700,negativo
1727,positivo
10151,positivo
4181,negativo
5566,neutral
3617,negativo
9406,negativo
4588,negativo
4240,neutral
8799,neutral
5670,negativo
3130,negativo
4917,neutral
6632,neutral
4942,neutral
2292,positivo
3471,negativo
6959,positivo
3806,negativo
11934,neutral
940,positivo
1150,neutral
1355,positivo
7603,positivo
7635,neutral
10357,positivo
4820,positivo
6520,negativo
5932,positivo
8254,negativo
7538,positivo
2252,neutral
6681,positivo
10896,neutral
2230,negativo
6739,positivo
5475,positivo
5487,positivo
7882,neutral
9557,negativo
2430,negativo
6720,positivo
7724,neutral
7974,negativo
1327,neutral
7037,positivo
1244,neutral
2959,positivo
11377,positivo
3920,positivo
1315,neutral
9626,negativo
6881,neutral
6203,negativo
1055,negativo
9923,positivo
8572,neutral
1007,neutral
9959,neutral
582,neutral
4769,negativo
830,neutral
8306,negativo
1644,negativo
7844,neutral
8792,neutral
2891,positivo
8986,negativo
11004,negativo
3709,positivo
5740,positivo
4382,negativo
8939,neutral
683,neutral
6290,negativo
3107,negativo
8600,positivo
8279,positivo
4182,negativo
2784,positivo
6898,neutral
1883,positivo
3644,negativo
8648,negativo
7570,negativo
8075,negativo
3072,negativo
4399,neutral
1645,neutral
3405,neutral
8207,negativo
4058,positivo
3595,positivo
4705,neutral
10707,neutral
3304,positivo
10905,negativo
7584,neutral
7847,neutral
358,positivo
7163,neutral
3319,positivo
9819,positivo
7273,positivo
687,neutral
11483,neutral
99,neutral
979,negativo
8303,negativo
7999,positivo
4496,positivo
5111,neutral
9032,positivo
295,neutral
785,positivo
5378,negativo
5063,positivo
1172,positivo
9623,negativo
6704,neutral
2809,positivo
6058,positivo
6053,negativo
9404,positivo
11341,positivo
1893,positivo
2736,positivo
5244,positivo
4521,negativo
9132,neutral
10338,negativo
9360,neutral
3358,negativo
113,negativo
7250,negativo
7410,positivo
8323,positivo
11167,neutral
7953,neutral
4651,neutral
5498,positivo
7516,positivo
4062,negativo
1606,positivo
2988,positivo
11599,positivo
9516,positivo
7406,positivo
2017,positivo
9351,neutral
11131,negativo
6399,neutral
9160,negativo
7930,positivo
861,negativo
7515,negativo
2449,negativo
2139,positivo
10535,positivo
10043,negativo
10882,neutral
10113,neutral
11714,negativo
7294,negativo
10786,positivo
2422,negativo
4449,positivo
4831,positivo
5441,positivo
769,negativo
10964,negativo
6260,positivo
11101,positivo
965,neutral
7817,negativo
9461,negativo
497,neutral
1297,positivo
7763,negativo
7907,positivo
1030,neutral
1161,neutral
7150,negativo
1596,negativo
3726,negativo
7029,negativo
11608,neutral
5522,negativo
3757,positivo
8393,positivo
6829,positivo
11634,neutral
6608,negativo
543,positivo
2429,positivo
6517,negativo
6808,positivo
6,positivo
10388,neutral
3397,neutral
4089,neutral
730,positivo
7527,positivo
9868,negativo
9125,negativo
8580,negativo
7637,negativo
3908,positivo
213,positivo
11261,negativo
2589,negativo
7298,neutral
4552,neutral
4216,neutral
11704,negativo
9453,positivo
5073,neutral
7465,positivo
6478,neutral
11311,negativo
8994,positivo
5695,positivo
6708,positivo
11470,negativo
5732,negativo
3111,neutral
7668,neutral
6028,neutral
11093,negativo
8086,neutral
4685,positivo
9384,positivo
10475,negativo
5692,neutral
8419,positivo
11430,neutral
9155,positivo
7286,positivo
532,negativo
11985,positivo
1955,positivo
7853,neutral
9444,neutral
9961,neutral
10501,negativo
1708,neutral
8139,positivo
10284,negativo
203,positivo
3420,neutral
2910,negativo
5322,positivo
6984,negativo
7191,neutral
3996,negativo
560,neutral
9808,negativo
3925,negativo
11432,negativo
2593,negativo
6515,negativo
9613,positivo
9732,positivo
10374,negativo
1950,negativo
5446,neutral
10862,negativo
2266,negativo
3359,positivo
7436,positivo
2413,negativo
4735,neutral
3769,positivo
8190,negativo
1236,positivo
1891,neutral
4202,negativo
5282,positivo
2852,negativo
97,negativo
7660,positivo
8047,neutral
3884,neutral
8286,negativo
2731,neutral
10479,negativo
6500,neutral
3541,positivo
1127,negativo
5807,negativo
5795,neutral
3052,positivo
1693,positivo
6803,neutral
1566,negativo
6040,positivo
11059,negativo
1215,positivo
5885,positivo
10364,negativo
1536,negativo
5102,negativo
10307,positivo
5593,positivo
6214,neutral
6042,negativo
11474,negativo
3457,positivo
2730,negativo
9739,neutral
4909,neutral
6497,positivo
5851,positivo
8342,positivo
5618,neutral
9216,positivo
7841,neutral
9786,neutral
1281,neutral
8759,neutral
1415,negativo
1367,negativo
10121,negativo
10162,negativo
9428,negativo
6977,negativo
11572,negativo
6541,positivo
1629,negativo
2806,neutral
7916,positivo
4419,negativo
6492,negativo
7649,positivo
2315,positivo
1560,negativo
297,positivo
2871,positivo
6097,negativo
1982,positivo
5344,neutral
9915,positivo
11137,positivo
9358,neutral
3345,negativo
7721,positivo
4144,positivo
11040,positivo
11652,neutral
8051,negativo
4850,positivo
3426,positivo
1000,negativo
7970,positivo
5027,neutral
1801,positivo
5319,positivo
7512,positivo
7468,positivo
3530,negativo
4307,negativo
3154,negativo
10784,negativo
478,neutral
3504,positivo
11986,neutral
4259,negativo
6776,positivo
787,neutral
408,neutral
3866,neutral
4567,positivo
2185,negativo
1503,positivo
7272,positivo
11272,negativo
6368,negativo
2637,negativo
4830,negativo
11688,positivo
4866,negativo
11518,neutral
7234,negativo
9040,negativo
9469,neutral
2205,negativo
8206,neutral
3394,negativo
3012,positivo
9509,positivo
8574,negativo
10205,negativo
6441,negativo
5486,positivo
4534,neutral
5650,positivo
2331,negativo
3632,negativo
3425,neutral
2966,positivo
6150,negativo
5918,neutral
66,neutral
8672,negativo
5316,positivo
3679,positivo
4467,negativo
3971,positivo
7201,neutral
11522,positivo
3246,negativo
9647,negativo
6874,neutral
2992,negativo
8295,neutral
11304,positivo
6554,negativo
6082,neutral
1372,positivo
6132,negativo
7508,neutral
9434,positivo
236,neutral
5994,neutral
1314,neutral
7062,positivo
5518,neutral
1463,negativo
10372,negativo
289,negativo
7346,neutral
5047,neutral
10326,neutral
5866,positivo
594,neutral
4877,positivo
4565,negativo
803,negativo
5578,neutral
7066,negativo
7901,positivo
2258,neutral
8612,positivo
7638,positivo
6518,positivo
6039,negativo
1855,positivo
10575,positivo
3950,positivo
10556,neutral
8422,positivo
9569,positivo
4177,negativo
1021,positivo
6832,positivo
3145,neutral
2403,negativo
8517,negativo
4052,positivo
2066,positivo
7241,positivo
815,negativo
7908,negativo
3124,neutral
10695,neutral
8633,neutral
10893,negativo
5672,positivo
10841,neutral
9781,positivo
11333,positivo
3918,positivo
11916,positivo
8159,neutral
3045,positivo
184,positivo
7804,positivo
7926,neutral
4889,neutral
5769,positivo
3306,negativo
11597,positivo
8639,neutral
925,negativo
9662,positivo
1558,positivo
11511,negativo
7593,positivo
3649,negativo
5135,positivo
5300,neutral
7257,positivo
10514,positivo
9094,positivo
5061,positivo
9028,positivo
3712,negativo
2,negativo
1420,negativo
9582,negativo
613,neutral
9083,neutral
6320,negativo
11294,negativo
9470,negativo
11481,neutral
1033,positivo
4120,negativo
11754,positivo
430,neutral
2716,neutral
6310,negativo
5435,positivo
711,negativo
9692,positivo
11872,positivo
3128,negativo
277,positivo
11566,negativo
7313,positivo
10350,negativo
7967,positivo
292,negativo
11994,neutral
645,negativo
4814,neutral
8938,positivo
657,neutral
11616,positivo
7058,negativo
6507,positivo
4734,neutral
4131,positivo
6683,neutral
6017,negativo
5467,negativo
159,negativo
10320,negativo
1960,negativo
9112,negativo
2327,positivo
4510,positivo
6385,negativo
2375,positivo
8320,neutral
8261,positivo
11485,negativo
2568,negativo
7435,negativo
8838,negativo
5064,positivo
6055,negativo
5452,positivo
5418,neutral
3645,neutral
6079,negativo
7618,neutral
2518,positivo
5691,neutral
1599,positivo
4800,neutral
675,neutral
11307,positivo
970,positivo
1945,negativo
1,positivo
6710,negativo
10261,negativo
6593,negativo
8427,negativo
2168,neutral
581,positivo
10635,negativo
11947,negativo
9681,positivo
11526,neutral
7187,negativo
11187,positivo
10588,positivo
11643,positivo
843,positivo
2548,neutral
8587,positivo
9719,positivo
1733,negativo
8650,negativo
891,neutral
11910,negativo
10406,neutral
1958,negativo
11323,positivo
7228,neutral
1914,neutral
7772,positivo
7580,neutral
2374,positivo
6634,negativo
6061,negativo
9306,neutral
1469,neutral
3243,negativo
5318,negativo
8880,negativo
6820,neutral
10920,neutral
9653,positivo
760,positivo
9649,neutral
229,negativo
2765,negativo
7396,neutral
4601,neutral
2679,neutral
11737,negativo
11915,neutral
2325,positivo
6747,neutral
3782,neutral
9287,negativo
1601,neutral
5297,neutral
3348,negativo
10830,positivo
1553,positivo
4429,neutral
2538,positivo
4092,negativo
9928,positivo
3529,neutral
7082,negativo
5981,positivo
3885,negativo
10176,neutral
5784,negativo
5460,negativo
4282,neutral
6156,neutral
4608,negativo
8631,negativo
7333,neutral
4225,neutral
3974,negativo
587,neutral
8141,neutral
2865,negativo
2360,negativo
10829,negativo
7108,positivo
4661,positivo
9456,positivo
5721,negativo
2026,positivo
2082,neutral
3333,negativo
1761,positivo
1595,positivo
5720,negativo
11458,negativo
11236,neutral
1738,neutral
4176,neutral
3108,neutral
6667,positivo
19,negativo
8920,neutral
8276,neutral
5207,negativo
5816,neutral
3297,positivo
8456,neutral
2597,positivo
11330,positivo
11134,negativo
3418,negativo
3868,negativo
10445,positivo
5258,negativo
10700,neutral
6313,positivo
1103,negativo
3528,positivo
1218,neutral
11007,positivo
4334,neutral
3117,negativo
7809,positivo
2563,positivo
10141,negativo
4402,positivo
9090,positivo
269,neutral
11469,negativo
10417,negativo
10353,negativo
3245,negativo
3100,positivo
215,negativo
5314,negativo
3978,neutral
6180,negativo
10403,neutral
9605,neutral
3647,negativo
6677,negativo
11352,positivo
9865,negativo
8335,neutral
4056,positivo
9589,neutral
8872,neutral
10886,positivo
5315,positivo
9504,positivo
9873,negativo
6379,neutral
6903,negativo
154,negativo
7326,positivo
136,positivo
11840,neutral
3152,negativo
636,positivo
1371,positivo
7120,positivo
7009,positivo
1977,positivo
1303,neutral
8504,neutral
11424,negativo
6866,negativo
9157,positivo
10430,negativo
8351,positivo
341,positivo
3119,positivo
1579,positivo
3056,neutral
3556,neutral
8168,neutral
525,negativo
88,neutral
2818,positivo
11989,negativo
4953,neutral
5170,positivo
8236,positivo
5683,positivo
10946,neutral
5559,neutral
325,positivo
320,negativo
3442,neutral
909,negativo
6259,negativo
3505,neutral
10524,negativo
3070,negativo
8245,positivo
2854,positivo
11788,positivo
8266,positivo
411,neutral
11486,neutral
11112,neutral
10551,positivo
1160,positivo
2781,negativo
7132,positivo
6894,neutral
4206,negativo
7856,negativo
8019,positivo
4688,positivo
9849,negativo
8358,negativo
10751,positivo
6160,neutral
3384,negativo
8720,negativo
706,positivo
5520,positivo
6432,positivo
877,positivo
9804,negativo
9577,positivo
11981,positivo
3281,neutral
8848,positivo
7205,neutral
7563,negativo
11776,positivo
10738,neutral
2659,negativo
2609,negativo
5734,negativo
11422,positivo
5159,negativo
10439,positivo
3938,neutral
11262,positivo
4104,neutral
1725,neutral
3665,positivo
4911,positivo
8156,negativo
9709,positivo
1341,neutral
4075,neutral
9164,negativo
9301,negativo
5020,negativo
1166,positivo
8989,negativo
8627,positivo
4152,negativo
545,neutral
11176,negativo
1015,positivo
6270,positivo
10414,neutral
9877,negativo
7639,negativo
8242,negativo
8566,negativo
11516,neutral
1201,negativo
3888,negativo
11639,negativo
5880,positivo
4980,positivo
10089,positivo
9906,negativo
4768,positivo
1205,negativo
8301,neutral
10558,neutral
7551,negativo
768,negativo
4063,negativo
1042,neutral
3663,negativo
11641,neutral
2779,negativo
2627,negativo
6821,positivo
2668,negativo
7894,neutral
6998,neutral
8722,negativo
9124,negativo
1978,negativo
3325,negativo
10451,positivo
10102,positivo
348,negativo
9033,positivo
8834,neutral
1929,neutral
32,neutral
3951,neutral
3886,negativo
6931,positivo
7211,negativo
6272,neutral
8384,positivo
4678,positivo
5697,neutral
11129,neutral
10223,negativo
8038,neutral
4676,negativo
1192,neutral
2742,positivo
6569,positivo
6555,neutral
10467,positivo
6521,positivo
7624,negativo
4541,positivo
4022,negativo
4285,positivo
7401,negativo
8674,neutral
11069,negativo
6010,neutral
6358,positivo
14,negativo
5538,neutral
1628,negativo
3700,negativo
5182,positivo
10811,positivo
284,positivo
9853,negativo
7105,neutral
5421,positivo
4802,positivo
4508,negativo
7349,positivo
10201,positivo
10183,neutral
6476,negativo
6592,neutral
4659,neutral
5238,neutral
11942,neutral
1691,negativo
8405,neutral
6154,positivo
6896,neutral
4531,negativo
7664,neutral
2823,neutral
2577,neutral
4174,neutral
11536,neutral
5165,negativo
1695,positivo
12,negativo
10221,neutral
8292,neutral
2109,neutral
10885,positivo
7104,neutral
4358,positivo
7655,positivo
10944,neutral
9476,neutral
5448,neutral
9761,neutral
686,positivo
11490,positivo
3436,neutral
4258,negativo
10779,positivo
3132,negativo
6277,negativo
5466,neutral
546,negativo
7727,positivo
6120,neutral
4385,negativo
10574,negativo
976,neutral
1250,positivo
781,neutral
11005,neutral
3544,neutral
8209,negativo
302,positivo
2501,neutral
3283,negativo
1277,positivo
11889,positivo
9193,neutral
6705,neutral
3147,negativo
3198,negativo
6443,positivo
2665,neutral
8610,positivo
370,positivo
7350,neutral
2537,negativo
9888,positivo
8694,negativo
9043,neutral
7761,negativo
3842,positivo
11356,negativo
454,neutral
3110,negativo
10130,positivo
3620,positivo
4595,neutral
5493,positivo
8285,neutral
7613,neutral
8176,neutral
6871,negativo
6962,negativo
11862,positivo
9477,negativo
394,negativo
10715,positivo
964,negativo
1220,positivo
583,negativo
3082,negativo
5861,negativo
1535,negativo
9334,positivo
1347,positivo
728,neutral
8482,negativo
4471,negativo
3845,neutral
5453,positivo
10149,neutral
4204,neutral
9588,positivo
3810,neutral
8871,positivo
9399,positivo
310,positivo
4227,positivo
10428,neutral
2590,negativo
11904,neutral
8541,neutral
2044,negativo
5232,neutral
763,positivo
4704,neutral
2145,neutral
7200,neutral
2583,neutral
5425,negativo
179,neutral
11581,positivo
7418,negativo
3781,positivo
10721,positivo
4843,negativo
764,positivo
5095,positivo
4996,negativo
9680,negativo
4821,positivo
10532,negativo
7263,positivo
10107,negativo
8199,positivo
7240,positivo
2485,positivo
10125,positivo
7634,negativo
11943,negativo
8087,positivo
9258,negativo
1232,negativo
7985,positivo
704,negativo
8624,positivo
6629,negativo
2816,positivo
11742,neutral
4507,positivo
7281,neutral
3903,neutral
5230,negativo
4748,positivo
6738,negativo
4916,positivo
2094,negativo
5710,neutral
8491,negativo
1396,negativo
4538,neutral
7876,neutral
3309,positivo
3614,neutral
1998,positivo
2617,positivo
4764,positivo
58,negativo
2308,neutral
6062,negativo
9497,neutral
1521,neutral
11003,negativo
9774,negativo
10656,positivo
10927,neutral
8719,negativo
5003,neutral
9795,positivo
6014,neutral
7373,positivo
2972,neutral
5202,positivo
8741,positivo
7399,negativo
7898,positivo
439,negativo
2074,negativo
10436,neutral
201,neutral
11180,neutral
6786,negativo
512,negativo
2602,positivo
10899,neutral
710,positivo
3467,neutral
11948,positivo
9845,negativo
1412,neutral
1409,neutral
7246,neutral
5145,negativo
479,positivo
2487,neutral
8250,positivo
3393,neutral
3174,negativo
4943,negativo
3167,negativo
6748,positivo
9944,positivo
1871,negativo
7880,negativo
6177,positivo
3164,positivo
885,neutral
2124,positivo
7645,negativo
4925,negativo
171,negativo
5558,neutral
8298,positivo
8638,negativo
5051,negativo
5561,positivo
5879,negativo
3754,neutral
11929,positivo
6125,positivo
8818,positivo
7222,neutral
7126,negativo
10590,neutral
2757,positivo
11477,neutral
798,neutral
9581,neutral
1841,neutral
6372,negativo
7949,negativo
7194,neutral
9633,neutral
3851,positivo
9146,negativo
8658,positivo
4070,neutral
708,positivo
10625,positivo
1732,negativo
10391,negativo
1162,neutral
10427,positivo
5236,positivo
10458,positivo
11110,negativo
1591,negativo
2827,positivo
168,neutral
6456,negativo
10999,negativo
8702,neutral
5803,negativo
1039,negativo
2203,negativo
11790,positivo
7656,neutral
2951,positivo
9433,neutral
2860,positivo
8496,positivo
8385,positivo
8489,negativo
6908,positivo
11497,negativo
2843,negativo
4197,negativo
9211,neutral
4753,negativo
10412,neutral
10067,negativo
9718,neutral
776,positivo
7543,negativo
11777,negativo
644,positivo
9574,negativo
5198,positivo
3722,neutral
11256,positivo
3919,negativo
7237,neutral
8598,neutral
7910,negativo
10390,positivo
2402,positivo
8198,negativo
10980,negativo
6729,neutral
7366,negativo
1380,positivo
2573,positivo
10073,positivo
1002,positivo
10578,neutral
306,negativo
11626,negativo
7904,neutral
2676,negativo
714,neutral
9931,positivo
4311,positivo
1785,positivo
8333,neutral
3946,neutral
2495,positivo
2215,positivo
9411,positivo
3791,negativo
174,neutral
2184,positivo
5468,positivo
10044,positivo
6059,neutral
2108,negativo
11492,positivo
9342,positivo
11135,neutral
11719,negativo
10634,positivo
3196,positivo
6526,positivo
7589,positivo
3064,positivo
5612,negativo
10181,positivo
10876,positivo
11941,positivo
2093,negativo
2549,neutral
7386,positivo
11638,neutral
9905,neutral
3674,neutral
903,negativo
5305,positivo
7217,positivo
4084,positivo
3292,negativo
1116,negativo
5115,neutral
9933,positivo
10400,neutral
971,negativo
9325,positivo
6607,neutral
2028,positivo
11061,positivo
6975,positivo
9408,positivo
6327,positivo
1249,positivo
795,negativo
3681,positivo
491,neutral
5410,positivo
8424,positivo
6475,neutral
6606,neutral
2322,negativo
9003,negativo
3429,positivo
381,positivo
5581,positivo
10079,positivo
8322,negativo
5034,negativo
122,neutral
8972,negativo
960,neutral
7890,neutral
689,negativo
3513,positivo
6195,positivo
87,neutral
3302,neutral
4453,neutral
4919,neutral
2141,negativo
11071,neutral
9791,neutral
11946,neutral
9818,negativo
1360,neutral
8676,positivo
5018,positivo
10335,positivo
10550,positivo
9314,positivo
6142,positivo
335,positivo
218,positivo
3233,negativo
3506,negativo
7850,neutral
10142,positivo
1200,positivo
4845,positivo
2528,neutral
4132,negativo
6459,neutral
10874,negativo
6809,negativo
1066,positivo
7359,negativo
10538,neutral
6611,negativo
4230,positivo
928,neutral
3606,negativo
854,neutral
1636,neutral
3682,positivo
2458,negativo
9339,neutral
3463,negativo
11663,positivo
8494,negativo
7597,positivo
2880,positivo
1321,positivo
3847,negativo
11273,negativo
5377,negativo
5840,negativo
11769,positivo
10323,positivo
5940,negativo
7694,positivo
2570,positivo
7478,negativo
3022,negativo
10801,positivo
11276,negativo
11880,positivo
2149,negativo
4922,negativo
5217,negativo
5339,positivo
4970,negativo
6393,positivo
4822,positivo
7546,negativo
11720,positivo
6360,neutral
6737,neutral
6939,positivo
1079,neutral
9749,negativo
573,neutral
1524,neutral
2405,positivo
2956,neutral
9446,positivo
4797,negativo
7402,negativo
10053,negativo
748,neutral
7920,neutral
1467,negativo
7839,neutral
2653,negativo
8971,positivo
4083,positivo
751,negativo
4100,negativo
2734,positivo
3582,positivo
4207,negativo
6960,neutral
917,negativo
9391,positivo
1238,positivo
5947,positivo
5694,negativo
813,negativo
2450,positivo
6944,neutral
1954,negativo
2711,negativo
462,neutral
7997,neutral
6907,negativo
6124,positivo
2944,negativo
11932,positivo
1526,positivo
8511,neutral
9387,negativo
8553,negativo
5052,positivo
4273,neutral
11411,positivo
3788,neutral
6980,neutral
779,positivo
4738,negativo
5635,negativo
7042,positivo
9243,negativo
8744,positivo
7827,negativo
6381,neutral
4019,positivo
367,neutral
2195,positivo
5499,positivo
380,neutral
5141,neutral
632,negativo
8756,negativo
11371,negativo
8816,negativo
6401,negativo
6745,positivo
1854,neutral
6048,negativo
10382,neutral
11368,negativo
5716,positivo
3831,positivo
9896,neutral
6851,negativo
7014,positivo
1995,positivo
8022,neutral
4431,neutral
10692,neutral
8808,neutral
8082,positivo
5762,positivo
11976,neutral
5704,negativo
8238,neutral
9226,positivo
7536,negativo
11346,neutral
7196,positivo
9340,neutral
1811,neutral
1564,positivo
4720,negativo
11211,neutral
11367,negativo
6778,positivo
7942,negativo
10215,positivo
1438,negativo
6764,negativo
1448,negativo
2722,positivo
6718,negativo
11991,neutral
8696,positivo
7280,neutral
8518,negativo
11952,negativo
11060,neutral
4535,neutral
7802,positivo
2283,negativo
4381,positivo
1075,negativo
7906,negativo
7548,neutral
10172,negativo
5965,positivo
3855,positivo
9386,neutral
2721,negativo
3068,positivo
5814,negativo
956,neutral
11603,negativo
397,positivo
7958,neutral
9777,negativo
11018,positivo
4336,positivo
305,neutral
8166,neutral
7835,positivo
1678,positivo
3548,positivo
4989,positivo
10196,negativo
6836,positivo
7123,positivo
6986,positivo
5516,negativo
11577,negativo
3024,neutral
11425,positivo
693,positivo
4354,negativo
7046,positivo
4286,neutral
5186,positivo
2533,neutral
713,positivo
8249,positivo
10631,positivo
10015,negativo
7389,positivo
10552,positivo
7458,positivo
8700,negativo
11269,negativo
11197,positivo
6551,positivo
4093,neutral
10405,positivo
5394,positivo
9371,neutral
936,positivo
5288,negativo
10213,neutral
2618,neutral
7299,negativo
10918,positivo
11591,neutral
8476,negativo
7069,negativo
252,negativo
11949,negativo
4760,positivo
7960,positivo
2799,negativo
5895,positivo
10433,neutral
3719,positivo
9171,neutral
2285,positivo
5462,neutral
6735,negativo
11500,neutral
8030,negativo
1390,positivo
286,neutral
3515,negativo
1137,neutral
8757,negativo
10729,positivo
11248,positivo
5991,positivo
11883,positivo
3009,negativo
104,positivo
5557,negativo
7214,negativo
9981,negativo
9127,neutral
119,negativo
802,positivo
4103,negativo
8143,positivo
667,negativo
5302,negativo
8050,negativo
3554,positivo
10442,neutral
4733,negativo
5668,neutral
9778,positivo
890,negativo
9552,negativo
7987,neutral
5376,positivo
1881,positivo
2255,neutral
9542,positivo
691,positivo
9249,negativo
8490,positivo
7322,negativo
9491,positivo
9702,positivo
10912,positivo
5014,neutral
7744,neutral
10937,neutral
11594,positivo
11956,positivo
3956,positivo
3001,negativo
4810,neutral
2137,negativo
59,neutral
4338,neutral
6438,positivo
9717,neutral
10665,neutral
11685,positivo
5463,positivo
9762,negativo
7707,positivo
5936,positivo
3462,neutral
4073,positivo
9222,negativo
808,negativo
6408,neutral
7325,positivo
8235,neutral
2939,positivo
7626,negativo
4156,positivo
642,neutral
1509,positivo
2238,negativo
6167,negativo
2572,negativo
2198,positivo
9866,positivo
10167,positivo
7663,neutral
3229,positivo
641,negativo
10291,positivo
7714,neutral
157,negativo
10827,positivo
7630,positivo
8389,neutral
352,neutral
1292,positivo
135,negativo
5607,negativo
4740,positivo
5626,neutral
8706,positivo
8711,positivo
1500,positivo
11282,negativo
5269,positivo
2117,positivo
1685,positivo
11029,negativo
10499,positivo
1011,neutral
6238,negativo
11344,negativo
10824,negativo
10435,negativo
8425,positivo
10000,negativo
2982,negativo
8877,positivo
5735,positivo
5366,negativo
1770,positivo
2673,negativo
10075,positivo
62,negativo
9850,positivo
11919,negativo
3651,negativo
5136,positivo
6713,neutral
4110,negativo
866,neutral
10778,neutral
9181,negativo
5641,negativo
2915,neutral
6655,neutral
8905,positivo
8743,positivo
6963,positivo
5948,neutral
10366,negativo
6585,positivo
7043,positivo
10422,neutral
6951,neutral
894,positivo
2897,negativo
4293,neutral
8361,negativo
5563,neutral
186,neutral
2547,positivo
4322,negativo
4624,neutral
3031,negativo
2907,neutral
10100,neutral
1363,positivo
716,neutral
11417,negativo
4692,negativo
5085,neutral
1809,neutral
6130,neutral
4428,neutral
10423,neutral
1245,negativo
10491,neutral
7453,positivo
11736,neutral
8105,neutral
9619,positivo
11928,neutral
7500,positivo
4585,positivo
3747,positivo
5963,positivo
8946,negativo
60,positivo
7566,positivo
4914,negativo
6316,negativo
1545,negativo
8590,negativo
1291,negativo
10852,positivo
76,neutral
6942,positivo
6674,positivo
1169,negativo
11299,negativo
9064,negativo
2107,negativo
4896,neutral
1090,positivo
11412,negativo
5457,positivo
3949,neutral
10468,negativo
10978,positivo
5705,neutral
6760,neutral
7321,positivo
10871,negativo
4655,positivo
4627,neutral
3977,neutral
11854,neutral
2630,neutral
5579,neutral
3759,negativo
7133,positivo
50,positivo
937,neutral
9979,positivo
4604,negativo
11036,negativo
247,negativo
7590,negativo
959,neutral
7409,positivo
9024,neutral
7534,neutral
2905,neutral
11083,negativo
9840,negativo
8782,positivo
1621,neutral
817,positivo
1921,positivo
4772,neutral
5993,positivo
1278,negativo
7568,positivo
4404,negativo
3510,negativo
5712,negativo
1322,positivo
1755,negativo
1069,positivo
4884,negativo
6086,positivo
8685,neutral
5837,neutral
4915,neutral
9617,neutral
3872,negativo
859,positivo
972,neutral
5764,neutral
7975,positivo
8477,neutral
5407,positivo
131,negativo
10397,negativo
5379,positivo
6254,negativo
8253,positivo
10518,negativo
10787,negativo
6701,neutral
9521,negativo
1107,negativo
1450,neutral
11084,positivo
1040,neutral
10832,positivo
8557,positivo
2399,neutral
8106,neutral
2020,negativo
2129,neutral
11541,neutral
5554,positivo
4090,negativo
3486,neutral
1026,positivo
9788,negativo
2513,positivo
2912,positivo
8005,negativo
5099,positivo
1361,negativo
617,positivo
5719,neutral
2116,neutral
2641,negativo
6295,positivo
2081,negativo
11561,neutral
5828,positivo
4106,negativo
8887,neutral
1547,negativo
8784,neutral
4363,positivo
4584,neutral
6512,negativo
9039,positivo
5130,positivo
3461,positivo
2869,positivo
130,negativo
6758,positivo
6817,negativo
7440,negativo
5786,neutral
4072,negativo
6784,negativo
1365,negativo
10940,positivo
9179,positivo
4512,positivo
1233,neutral
7594,neutral
7344,neutral
10488,positivo
3300,positivo
10454,neutral
2965,neutral
1437,positivo
1255,negativo
1860,positivo
7524,positivo
11702,positivo
2324,neutral
3555,negativo
8037,positivo
11070,positivo
11219,positivo
7129,negativo
6496,neutral
4149,neutral
25,positivo
7049,positivo
3873,negativo
9638,neutral
8056,positivo
7588,neutral
7526,negativo
9839,positivo
10673,negativo
3187,negativo
4239,negativo
6383,positivo
9286,negativo
5335,neutral
52,positivo
8749,neutral
1857,negativo
1751,negativo
11192,positivo
9187,positivo
962,neutral
1597,positivo
3625,positivo
10712,negativo
6269,negativo
3398,positivo
7863,negativo
4365,negativo
11222,neutral
5871,positivo
7100,positivo
3048,negativo
11353,negativo
5582,neutral
9178,positivo
10732,neutral
7295,negativo
4254,neutral
3280,neutral
4475,negativo
5060,positivo
11413,negativo
67,positivo
8787,negativo
3239,negativo
1901,positivo
2290,negativo
5273,negativo
6001,neutral
5241,negativo
6929,negativo
5443,neutral
2400,neutral
63,neutral
1080,negativo
1806,negativo
3478,negativo
7795,negativo
11653,neutral
9443,positivo
2776,positivo
6827,positivo
3809,negativo
5215,neutral
9700,positivo
10919,positivo
8077,negativo
6396,negativo
11099,neutral
3349,neutral
6613,neutral
9118,negativo
1516,positivo
11266,neutral
7733,positivo
7903,positivo
11063,positivo
6054,positivo
9454,neutral
8645,neutral
342,neutral
3635,negativo
1549,neutral
8451,negativo
9689,positivo
10356,negativo
8175,positivo
10091,neutral
5959,neutral
6522,negativo
1986,negativo
6878,positivo
5929,positivo
11644,neutral
9234,negativo
1494,negativo
7336,negativo
3260,negativo
8514,neutral
7561,positivo
4350,neutral
4200,negativo
5653,positivo
2841,negativo
4579,neutral
8258,negativo
1575,positivo
6486,neutral
4938,neutral
2491,negativo
7964,neutral
7450,neutral
4443,positivo
4421,negativo
10234,positivo
953,negativo
11283,positivo
7127,positivo
3610,positivo
9393,negativo
4517,neutral
6206,positivo
6818,positivo
11696,negativo
1268,positivo
5999,negativo
6570,neutral
10027,negativo
167,neutral
8777,neutral
9770,neutral
4111,neutral
10763,neutral
4583,neutral
11013,negativo
1757,positivo
6331,positivo
7760,negativo
8990,negativo
10385,positivo
6209,negativo
350,neutral
4275,positivo
851,neutral
11624,positivo
5226,negativo
5725,negativo
9209,negativo
3540,negativo
6157,positivo
10660,negativo
7616,positivo
10276,neutral
7848,negativo
10938,positivo
9329,positivo
4766,positivo
6378,negativo
11009,positivo
4998,positivo
6639,positivo
10170,negativo
1844,positivo
304,negativo
820,negativo
998,negativo
7248,neutral
2208,negativo
9354,positivo
915,positivo
9833,neutral
6064,neutral
812,negativo
6857,negativo
4954,negativo
6226,negativo
5805,positivo
6155,negativo
7139,positivo
2127,negativo
2098,positivo
6457,negativo
8271,negativo
3609,neutral
1970,negativo
3898,negativo
9970,neutral
9722,neutral
10369,neutral
752,positivo
11199,negativo
11268,positivo
6966,negativo
7358,positivo
6609,neutral
5743,negativo
2419,neutral
1344,neutral
5415,negativo
2661,neutral
3550,negativo
9152,positivo
9107,positivo
11851,neutral
1052,negativo
5,negativo
5713,negativo
10048,negativo
9821,positivo
7554,negativo
2159,negativo
3599,positivo
10722,negativo
6247,positivo
4823,positivo
8830,positivo
6791,positivo
10494,negativo
10726,negativo
9711,neutral
6970,negativo
2196,neutral
7352,positivo
2468,negativo
1931,neutral
2532,neutral
8487,neutral
1038,negativo
578,negativo
5175,negativo
9296,negativo
4633,negativo
337,positivo
465,negativo
8021,positivo
2401,neutral
469,neutral
6279,positivo
10688,positivo
7319,positivo
9880,neutral
1812,neutral
5422,positivo
11953,neutral
4799,positivo
3661,positivo
11001,positivo
496,positivo
5455,positivo
540,positivo
633,neutral
840,negativo
4532,negativo
3314,negativo
4180,neutral
6340,neutral
31,neutral
7061,neutral
144,negativo
2300,neutral
6240,neutral
7946,positivo
7107,negativo
4600,negativo
2344,positivo
2769,negativo
9675,negativo
9161,positivo
6488,positivo
7048,positivo
11547,negativo
7725,neutral
10249,negativo
7204,negativo
7789,positivo
7774,negativo
873,negativo
10209,negativo
1227,negativo
6811,positivo
5009,negativo
10222,neutral
10135,neutral
7356,negativo
2697,positivo
10300,positivo
8653,neutral
6348,negativo
8556,neutral
1875,negativo
6919,neutral
2553,negativo
3789,neutral
11514,negativo
1927,positivo
908,neutral
11845,negativo
10864,positivo
2274,positivo
3511,neutral
3080,negativo
3261,neutral
1961,positivo
10304,negativo
9965,positivo
8401,positivo
8516,positivo
882,negativo
10444,positivo
5227,positivo
6636,negativo
9189,positivo
8119,negativo
4290,neutral
11482,negativo
11646,negativo
6889,neutral
7343,positivo
10337,neutral
10714,negativo
2628,negativo
7569,positivo
8128,positivo
3987,positivo
7937,neutral
7110,positivo
1411,positivo
7362,positivo
3389,negativo
4356,negativo
2085,neutral
6463,negativo
9309,neutral
9657,positivo
4186,positivo
11237,positivo
6371,positivo
7316,neutral
10247,negativo
5924,positivo
1808,negativo
6168,neutral
5702,negativo
7190,positivo
10566,positivo
5894,positivo
7511,positivo
7131,positivo
3265,neutral
6949,neutral
4960,positivo
2997,positivo
10386,negativo
6374,negativo
3521,negativo
7550,neutral
10240,positivo
9993,negativo
364,neutral
5930,negativo
695,negativo
2828,negativo
6804,neutral
772,negativo
3312,negativo
2131,positivo
3043,positivo
1123,positivo
1827,positivo
5113,negativo
7611,positivo
248,negativo
3955,neutral
9988,neutral
926,negativo
6531,negativo
1824,neutral
1872,positivo
2872,positivo
8901,negativo
1873,neutral
10040,negativo
2725,negativo
7012,negativo
10536,positivo
1234,negativo
1017,negativo
5000,positivo
6702,neutral
9229,positivo
11559,negativo
6275,neutral
3030,negativo
6664,neutral
4754,negativo
3470,positivo
10008,neutral
804,negativo
9517,neutral
2759,neutral
5878,neutral
68,positivo
620,neutral
9904,negativo
1110,positivo
1712,negativo
1483,neutral
1957,positivo
8791,neutral
11578,negativo
11324,negativo
1665,negativo
5747,negativo
3686,neutral
853,negativo
7948,neutral
6576,positivo
8632,positivo
3370,negativo
9447,neutral
10780,negativo
11153,negativo
1990,neutral
8944,neutral
7482,positivo
4806,neutral
3255,positivo
8552,negativo
7855,negativo
1947,negativo
5072,positivo
10076,positivo
8925,negativo
3732,positivo
11308,positivo
10819,negativo
3472,neutral
7494,neutral
4626,positivo
932,neutral
8438,positivo
353,negativo
6464,neutral
5010,positivo
8864,neutral
3456,negativo
5191,negativo
5375,positivo
7499,negativo
1171,negativo
796,neutral
8187,neutral
7925,neutral
2750,negativo
6215,positivo
11997,positivo
6322,neutral
1979,negativo
10034,positivo
2937,negativo
9858,positivo
1338,neutral
3385,positivo
6659,negativo
9658,negativo
9579,neutral
567,negativo
53,neutral
3705,positivo
2917,positivo
9852,neutral
6202,positivo
2157,negativo
8771,neutral
7311,negativo
9950,negativo
9522,negativo
3801,negativo
10220,negativo
5783,positivo
533,positivo
4975,neutral
10875,neutral
6516,positivo
7112,neutral
8984,negativo
9706,positivo
7747,negativo
4874,positivo
11593,neutral
3109,neutral
7314,negativo
11016,negativo
5545,positivo
7759,negativo
9655,positivo
8560,negativo
9367,neutral
11672,negativo
6223,negativo
43,neutral
2791,neutral
9004,positivo
860,neutral
5340,positivo
1265,positivo
9100,positivo
8688,negativo
3853,neutral
7540,negativo
2996,negativo
6616,negativo
1996,negativo
1221,negativo
3044,positivo
3676,positivo
1284,neutral
7114,positivo
8821,positivo
11557,positivo
4013,neutral
11181,positivo
4514,negativo
3734,positivo
2870,neutral
10126,neutral
9483,negativo
2219,positivo
5901,negativo
2048,negativo
4825,positivo
3794,neutral
1226,positivo
9479,neutral
4756,negativo
6135,neutral
1209,neutral
7317,neutral
6204,positivo
8084,neutral
8367,positivo
5920,positivo
11298,negativo
427,positivo
11479,negativo
3465,negativo
9322,negativo
2922,negativo
2958,neutral
9870,neutral
527,neutral
2803,neutral
5913,negativo
8596,neutral
9355,positivo
8909,negativo
11149,positivo
10472,positivo
357,negativo
7045,negativo
4491,neutral
6021,positivo
3578,positivo
3675,positivo
6787,positivo
9087,positivo
11642,neutral
11138,neutral
7676,negativo
4060,negativo
5028,positivo
5089,negativo
11914,negativo
9844,negativo
4613,negativo
11303,neutral
11064,positivo
3957,neutral
1529,neutral
7731,negativo
8255,negativo
13,negativo
8597,negativo
7078,neutral
8213,positivo
11693,negativo
6549,negativo
10807,neutral
316,negativo
4789,negativo
9526,neutral
6989,negativo
2660,positivo
3073,neutral
10985,negativo
7040,neutral
7703,negativo
5056,neutral
3983,neutral
9984,neutral
2150,positivo
10496,positivo
5933,positivo
6473,negativo
8264,negativo
8687,negativo
11174,positivo
11487,positivo
1934,positivo
4171,neutral
1904,positivo
10272,positivo
6532,positivo
4253,negativo
4804,neutral
3658,positivo
3403,positivo
9019,positivo
7749,positivo
615,neutral
10624,negativo
3170,positivo
880,neutral
10096,negativo
6409,positivo
10509,positivo
7981,negativo
8091,positivo
7986,negativo
6468,positivo
11247,positivo
1373,positivo
6822,positivo
7969,negativo
5233,neutral
5739,positivo
3579,positivo
6110,negativo
2790,positivo
9648,positivo
2515,positivo
606,negativo
11890,neutral
2895,negativo
5116,negativo
4375,negativo
10296,negativo
5718,neutral
3076,negativo
8108,negativo
6934,negativo
6547,neutral
3780,negativo
6872,negativo
432,neutral
3006,positivo
11032,negativo
1377,neutral
10283,positivo
6312,negativo
10487,negativo
9948,neutral
3007,neutral
2886,negativo
10697,positivo
11499,positivo
9580,negativo
2967,negativo
8950,positivo
944,positivo
7641,neutral
1293,positivo
9137,neutral
9885,negativo
2469,positivo
3360,neutral
6235,neutral
4437,negativo
4876,negativo
1985,positivo
10734,neutral
11633,positivo
7646,negativo
2423,negativo
721,neutral
3659,negativo
5024,positivo
4095,negativo
1611,positivo
3435,neutral
11865,neutral
3013,neutral
8969,neutral
1194,negativo
5387,negativo
4615,negativo
6221,positivo
10630,positivo
2477,negativo
4593,neutral
10756,neutral
10154,negativo
11781,positivo
2260,positivo
2830,positivo
5585,neutral
1456,neutral
8805,neutral
10399,neutral
7430,negativo
11104,positivo
1262,negativo
6763,neutral
1813,negativo
8854,negativo
6997,negativo
7032,positivo
5490,positivo
4061,negativo
3593,neutral
1972,negativo
6224,neutral
3091,neutral
2204,negativo
1923,positivo
1610,positivo
5239,positivo
180,negativo
488,negativo
9370,neutral
9960,negativo
1129,negativo
4360,negativo
3818,neutral
11680,negativo
10314,neutral
7226,negativo
5627,positivo
7658,negativo
10904,positivo
10724,positivo
6835,positivo
5222,positivo
5384,neutral
5237,neutral
8032,neutral
1212,negativo
674,negativo
5679,positivo
1034,negativo
5371,neutral
6595,negativo
2943,neutral
5046,positivo
4271,positivo
37,positivo
516,neutral
933,positivo
826,negativo
11909,negativo
946,negativo
5205,neutral
2671,positivo
943,neutral
1585,negativo
3036,negativo
2505,positivo
649,negativo
8029,negativo
7736,negativo
4731,neutral
10438,positivo
1682,neutral
6668,neutral
9215,positivo
7980,neutral
3858,neutral
8167,positivo
5224,neutral
2530,positivo
8376,neutral
72,negativo
9001,positivo
7583,negativo
3668,positivo
5628,negativo
7269,neutral
11375,negativo
175,positivo
11230,negativo
7125,positivo
1156,negativo
11394,negativo
42,negativo
4674,negativo
10798,positivo
9190,positivo
793,positivo
10448,negativo
11789,neutral
9501,neutral
6755,positivo
10175,neutral
11376,negativo
8717,negativo
7017,negativo
852,positivo
7520,neutral
588,neutral
11613,positivo
5742,positivo
8131,positivo
10996,positivo
5914,neutral
2182,negativo
6982,negativo
8723,negativo
2439,negativo
9651,neutral
6200,neutral
61,neutral
4937,neutral
2101,positivo
435,negativo
8840,positivo
6723,neutral
2663,negativo
7874,negativo
5218,negativo
9363,neutral
4427,negativo
6671,positivo
9591,positivo
11667,neutral
10410,neutral
211,neutral
7530,negativo
11448,neutral
9145,neutral
4668,neutral
867,negativo
5208,neutral
6324,positivo
1651,positivo
9259,neutral
162,negativo
5595,positivo
9204,negativo
3728,positivo
1081,negativo
875,positivo
5995,positivo
1887,neutral
331,negativo
10118,negativo
1023,neutral
8443,neutral
2767,positivo
483,negativo
3626,neutral
8468,positivo
7715,positivo
1703,neutral
4628,negativo
2328,negativo
6263,positivo
451,neutral
1890,negativo
9403,neutral
5910,neutral
1267,negativo
11139,neutral
7433,negativo
9524,positivo
7585,positivo
5022,positivo
8962,neutral
5492,positivo
9156,positivo
17,negativo
3655,negativo
5815,neutral
592,neutral
6867,neutral
8290,negativo
9184,positivo
725,negativo
10636,neutral
10826,neutral
1607,positivo
7951,positivo
2183,positivo
650,negativo
1316,negativo
3247,positivo
8467,negativo
6072,negativo
8951,positivo
7223,neutral
3751,positivo
11775,positivo
11568,positivo
4409,negativo
9285,positivo
4913,negativo
4465,neutral
9495,negativo
1473,negativo
11238,negativo
7239,positivo
71,negativo
8094,negativo
3228,negativo
5513,negativo
3707,negativo
3840,negativo
8968,positivo
10510,negativo
46,positivo
4088,negativo
1065,negativo
10843,neutral
10534,positivo
1874,neutral
2729,positivo
1557,negativo
8967,neutral
6205,negativo
11805,negativo
9974,neutral
11393,positivo
5717,positivo
7605,positivo
1352,positivo
6841,negativo
2275,positivo
7517,positivo
5551,neutral
4028,positivo
11456,negativo
7456,neutral
4898,neutral
11006,positivo
9361,negativo
2071,neutral
10305,neutral
7643,positivo
4000,neutral
8601,negativo
2696,negativo
10746,neutral
9598,negativo
6421,positivo
1684,negativo
4861,neutral
11102,negativo
9660,negativo
10689,negativo
10997,positivo
2250,negativo
9572,negativo
5299,positivo
2580,negativo
2544,positivo
4485,neutral
8392,negativo
212,neutral
7758,neutral
4272,positivo
6556,neutral
8382,neutral
9475,neutral
8212,positivo
9890,negativo
833,negativo
2420,neutral
5461,neutral
5524,neutral
6996,negativo
9357,negativo
5956,neutral
11105,positivo
1279,negativo
7203,positivo
6887,positivo
10122,positivo
9753,negativo
6694,negativo
681,positivo
7365,neutral
7076,positivo
10017,negativo
9252,positivo
1388,negativo
9779,negativo
1717,negativo
6065,negativo
2614,neutral
7628,negativo
6847,neutral
1432,positivo
811,positivo
10601,negativo
9165,positivo
2611,neutral
1252,positivo
9006,positivo
2815,negativo
5945,positivo
2882,negativo
841,positivo
8715,positivo
10817,positivo
1434,positivo
935,neutral
3758,neutral
654,neutral
8085,negativo
4518,neutral
6305,negativo
5128,neutral
10419,neutral
7253,positivo
6546,neutral
2993,neutral
5267,positivo
621,negativo
11923,negativo
4107,positivo
5185,neutral
6779,positivo
4622,negativo
7602,positivo
3093,negativo
11234,positivo
10701,positivo
7753,positivo
2106,negativo
6152,neutral
3383,negativo
1454,neutral
10939,negativo
6965,positivo
6187,positivo
4708,neutral
4193,neutral
6767,neutral
6388,neutral
10968,negativo
6406,positivo
1063,negativo
6050,neutral
8500,negativo
8681,positivo
11957,positivo
7160,neutral
4323,neutral
1167,positivo
11378,positivo
11309,neutral
9725,positivo
8707,neutral
4218,positivo
10917,negativo
2764,positivo
1350,negativo
6049,neutral
4837,neutral
10164,negativo
5663,negativo
9985,positivo
1133,negativo
10036,positivo
395,negativo
6424,negativo
4870,positivo
6035,negativo
1211,negativo
5979,negativo
4549,negativo
3172,neutral
11292,negativo
2707,neutral
7438,neutral
6637,negativo
8219,positivo
8260,positivo
191,neutral
3231,negativo
9347,negativo
2607,neutral
312,negativo
9372,neutral
2027,positivo
11897,neutral
8778,neutral
11752,positivo
3547,negativo
6169,positivo
790,neutral
1094,positivo
8133,positivo
6481,negativo
11407,positivo
3097,neutral
9963,positivo
10469,negativo
5008,neutral
7685,neutral
10486,positivo
4652,neutral
7486,neutral
4973,positivo
10242,neutral
7767,negativo
3177,neutral
6571,positivo
9148,positivo
10723,positivo
6418,positivo
5152,negativo
1101,positivo
6539,neutral
10908,negativo
9405,positivo
11226,positivo
5636,negativo
5096,positivo
8900,neutral
3829,neutral
9922,negativo
10834,positivo
3295,negativo
9973,positivo
10987,neutral
11315,negativo
11588,negativo
4313,positivo
11351,negativo
57,negativo
2289,negativo
7931,neutral
10094,negativo
10527,neutral
5937,positivo
11990,negativo
6725,neutral
8866,neutral
8746,negativo
3083,positivo
8418,positivo
9440,neutral
8073,positivo
3059,neutral
11317,negativo
6600,neutral
3208,positivo
2488,neutral
3498,neutral
8414,positivo
8998,positivo
3650,negativo
11830,negativo
9693,negativo
5112,neutral
5809,neutral
9667,negativo
11207,positivo
8435,negativo
9805,neutral
1737,negativo
7531,neutral
8132,positivo
5408,positivo
6678,positivo
3259,positivo
10945,negativo
7575,neutral
8988,negativo
2709,negativo
11798,negativo
7140,positivo
11335,positivo
11362,neutral
1242,neutral
26,positivo
10731,neutral
11031,neutral
10577,negativo
8311,negativo
10299,positivo
1646,negativo
2658,neutral
4309,positivo
9559,positivo
5693,negativo
6508,positivo
10185,positivo
4105,negativo
3629,positivo
10229,negativo
3904,positivo
2638,positivo
6387,neutral
1059,positivo
9907,negativo
1098,positivo
1768,negativo
2685,negativo
1062,negativo
9210,positivo
6542,positivo
1782,positivo
7341,negativo
4904,negativo
10823,positivo
8794,positivo
7553,negativo
9270,negativo
7385,positivo
1134,neutral
2875,neutral
10531,positivo
3736,positivo
10620,positivo
4423,neutral
6347,positivo
11664,positivo
7834,positivo
3881,neutral
4076,negativo
7779,negativo
10165,negativo
5690,neutral
3078,neutral
2038,negativo
9128,neutral
11252,negativo
2621,negativo
3877,positivo
9201,positivo
7026,neutral
9223,positivo
3381,negativo
11647,positivo
10591,negativo
1804,negativo
4492,negativo
2034,neutral
2569,positivo
5391,positivo
1294,positivo
10169,negativo
7301,negativo
4572,positivo
11636,neutral
8475,negativo
2073,negativo
5044,neutral
2908,neutral
10687,negativo
5367,negativo
7495,neutral
456,positivo
3802,positivo
4833,negativo
3921,negativo
5279,neutral
10146,negativo
7533,negativo
11166,neutral
7329,positivo
4414,negativo
9519,negativo
2383,negativo
8155,positivo
1433,neutral
11418,negativo
2417,neutral
7819,neutral
9261,neutral
11296,neutral
8817,neutral
5105,negativo
1058,negativo
2675,positivo
7837,negativo
10512,positivo
8890,neutral
5450,neutral
2321,positivo
1700,positivo
11184,positivo
4425,positivo
534,neutral
8761,negativo
11884,neutral
8520,negativo
5155,neutral
4671,negativo
3760,negativo
5292,neutral
1306,negativo
6400,positivo
3049,positivo
11609,positivo
835,neutral
6158,neutral
6078,positivo
10889,neutral
7523,neutral
2849,negativo
5077,positivo
2747,positivo
6599,neutral
4647,positivo
6467,neutral
10887,positivo
6936,neutral
8843,positivo
2824,negativo
4158,positivo
10004,positivo
1613,positivo
10425,neutral
2010,negativo
6489,positivo
8493,positivo
10684,positivo
4362,neutral
6848,neutral
3516,negativo
7836,neutral
4195,negativo
3296,neutral
1562,positivo
7476,negativo
6359,negativo
6540,positivo
3206,neutral
9186,neutral
10244,negativo
11515,positivo
10123,neutral
198,positivo
6138,neutral
8736,negativo
117,neutral
5867,positivo
5156,positivo
1974,neutral
3803,neutral
10081,neutral
3670,neutral
6425,negativo
8067,positivo
111,neutral
4243,negativo
648,negativo
10443,neutral
11590,neutral
2789,positivo
11528,positivo
3267,negativo
9041,positivo
6298,positivo
10773,positivo
9533,negativo
8508,positivo
3447,positivo
7220,positivo
9328,positivo
5480,positivo
10061,negativo
11476,neutral
3041,negativo
11525,negativo
8680,negativo
5228,negativo
11438,positivo
10606,positivo
757,neutral
10016,neutral
3774,neutral
2889,neutral
6826,neutral
10913,positivo
11911,positivo
5066,positivo
11068,neutral
11713,neutral
9672,negativo
6137,neutral
3202,negativo
7686,positivo
6690,neutral
250,neutral
9901,neutral
3980,negativo
4343,positivo
5240,positivo
911,negativo
4302,negativo
6112,negativo
692,neutral
11812,positivo
2968,positivo
11405,positivo
5722,negativo
8368,neutral
3181,neutral
9026,negativo
8510,negativo
10279,neutral
11531,negativo
4927,positivo
7024,negativo
7185,positivo
8921,positivo
6923,negativo
6601,positivo
8661,negativo
10943,neutral
9936,negativo
7022,positivo
8090,positivo
1594,neutral
2193,positivo
10922,positivo
1948,neutral
363,neutral
7755,neutral
5621,neutral
2233,positivo
1836,positivo
9220,positivo
11521,positivo
836,negativo
4818,positivo
9994,negativo
8991,neutral
8926,negativo
7843,positivo
11196,negativo
9760,negativo
2363,neutral
7145,positivo
9410,negativo
5714,negativo
9857,negativo
21,negativo
6370,negativo
11461,positivo
6920,neutral
6933,neutral
11408,negativo
1471,positivo
9086,positivo
10207,neutral
1439,negativo
4542,positivo
5393,negativo
2819,positivo
9129,positivo
6304,neutral
8396,positivo
8407,positivo
6917,negativo
6509,positivo
272,positivo
3819,positivo
11579,positivo
2187,positivo
11095,positivo
3375,positivo
2836,negativo
10375,negativo
10671,neutral
3861,negativo
396,positivo
10818,negativo
5383,positivo
2526,positivo
11235,positivo
8023,positivo
10195,neutral
10112,negativo
6610,positivo
4963,negativo
697,negativo
1814,positivo
1032,neutral
6529,positivo
5271,negativo
2135,positivo
1296,neutral
585,positivo
4630,positivo
7353,neutral
10788,neutral
2552,negativo
5054,negativo
7678,negativo
10593,positivo
5143,negativo
10274,negativo
5187,negativo
723,neutral
4598,neutral
1649,negativo
7917,negativo
10983,neutral
11289,positivo
2744,neutral
5813,neutral
6864,negativo
3718,negativo
6927,positivo
7858,positivo
8068,negativo
4777,neutral
163,neutral
11325,neutral
6090,negativo
5194,positivo
1157,positivo
3299,positivo
1146,neutral
2480,neutral
4774,negativo
5177,neutral
749,neutral
9002,positivo
2807,positivo
263,neutral
2893,neutral
6389,neutral
1956,positivo
5927,positivo
3696,positivo
7188,positivo
8531,positivo
7934,positivo
9590,negativo
1650,neutral
10459,neutral
3761,positivo
10810,positivo
1240,negativo
2190,neutral
6302,negativo
10010,negativo
3364,positivo
1820,positivo
10816,positivo
9366,negativo
10178,positivo
8622,negativo
9612,negativo
11400,positivo
10802,negativo
11582,negativo
2367,negativo
6946,negativo
96,negativo
3979,negativo
11210,positivo
1466,positivo
2705,neutral
7578,negativo
10972,neutral
5660,negativo
3018,neutral
3238,neutral
10926,neutral
3200,positivo
3962,negativo
3815,positivo
2416,neutral
9320,neutral
7165,positivo
7063,negativo
311,negativo
6420,neutral
9115,negativo
11879,negativo
6766,negativo
10542,negativo
5961,neutral
4958,neutral
1586,negativo
2077,positivo
9134,positivo
8786,negativo
7382,negativo
4897,negativo
4979,neutral
2511,positivo
11388,positivo
511,neutral
7648,neutral
5921,positivo
6268,positivo
2497,neutral
3693,positivo
11097,positivo
1302,neutral
938,positivo
11553,negativo
8677,positivo
5822,positivo
537,neutral
9175,positivo
4944,neutral
9592,neutral
8917,negativo
9748,negativo
9864,positivo
1799,negativo
634,neutral
9913,negativo
3912,negativo
4268,negativo
1213,negativo
8602,neutral
9958,negativo
9084,negativo
5074,neutral
2166,negativo
5495,positivo
1531,negativo
3557,neutral
8912,positivo
155,neutral
9293,negativo
10610,positivo
3891,negativo
7713,positivo
4493,negativo
2212,positivo
7327,positivo
3272,neutral
10313,positivo
4010,positivo
4815,neutral
856,negativo
9130,positivo
5290,positivo
5504,negativo
7324,positivo
958,negativo
377,neutral
2291,neutral
3826,negativo
4636,negativo
6624,negativo
754,negativo
744,negativo
2879,negativo
3615,positivo
6002,negativo
5833,negativo
5790,neutral
11996,neutral
10804,neutral
3633,negativo
9939,negativo
11808,positivo
9312,positivo
8913,positivo
1850,positivo
8033,negativo
3011,negativo
11297,negativo
8410,negativo
8829,positivo
9057,neutral
3902,neutral
6567,positivo
4486,neutral
3833,positivo
668,positivo
3519,negativo
10758,negativo
9610,negativo
7016,negativo
3191,positivo
3525,positivo
3010,neutral
7084,negativo
4038,neutral
5166,negativo
11887,negativo
7537,positivo
8369,positivo
3079,negativo
6009,negativo
1625,negativo
5990,positivo
11686,positivo
9989,positivo
5433,positivo
6596,neutral
10155,positivo
1748,positivo
8701,positivo
10190,negativo
931,positivo
4461,negativo
7675,neutral
6679,neutral
8758,neutral
6057,negativo
3910,positivo
2254,positivo
6474,negativo
328,positivo
11014,positivo
3906,neutral
7159,positivo
11271,negativo
4894,neutral
11779,positivo
5012,positivo
3144,negativo
11495,positivo
5280,positivo
9652,positivo
8097,neutral
10988,negativo
5775,neutral
11215,negativo
9038,positivo
7479,negativo
10315,neutral
6483,negativo
1633,neutral
7412,negativo
354,negativo
10465,positivo
3256,neutral
7339,neutral
2680,positivo
576,negativo
9131,positivo
1715,positivo
4641,negativo
10226,negativo
3290,neutral
1670,positivo
1189,negativo
4043,neutral
10644,negativo
1624,neutral
6452,positivo
9214,negativo
2384,positivo
7716,neutral
2244,positivo
8999,positivo
11255,neutral
3514,positivo
9051,positivo
6273,negativo
11882,negativo
4349,neutral
322,positivo
7374,positivo
1104,positivo
11122,positivo
9071,positivo
11161,positivo
1178,negativo
1019,neutral
9900,neutral
3852,positivo
1752,positivo
918,negativo
7403,negativo
8867,neutral
7260,neutral
6503,positivo
7786,neutral
1762,negativo
2479,neutral
11627,neutral
11336,positivo
3057,negativo
6076,neutral
9919,positivo
4229,positivo
7662,positivo
7287,neutral
2894,neutral
11259,negativo
6853,positivo
4082,negativo
10961,positivo
5633,positivo
5172,positivo
4464,negativo
81,neutral
6265,negativo
4691,positivo
9630,positivo
10860,negativo
7807,negativo
8982,neutral
9500,negativo
8163,negativo
1394,positivo
7315,neutral
2220,negativo
10965,negativo
2407,positivo
145,negativo
5821,negativo
6948,neutral
2748,positivo
412,neutral
1326,positivo
4713,neutral
2782,neutral
3484,negativo
10042,positivo
7610,neutral
3740,positivo
493,positivo
2983,positivo
3096,positivo
2634,negativo
5728,negativo
10967,negativo
10921,negativo
10097,neutral
11310,neutral
9704,positivo
6754,positivo
1701,negativo
8265,positivo
4370,positivo
2884,negativo
6033,neutral
4882,negativo
814,positivo
11444,negativo
1588,neutral
2278,neutral
1523,neutral
10504,neutral
7776,negativo
8804,negativo
6568,positivo
5500,positivo
5350,negativo
9482,negativo
9283,neutral
1842,neutral
3939,positivo
11565,negativo
1692,positivo
862,negativo
8847,negativo
2410,positivo
6586,positivo
91,negativo
4446,positivo
10153,negativo
8897,negativo
4394,neutral
8080,negativo
10277,positivo
360,negativo
9154,negativo
1202,negativo
8581,positivo
1796,positivo
5372,neutral
4639,neutral
1263,positivo
1816,neutral
9049,negativo
73,positivo
1207,neutral
6891,neutral
1485,neutral
9430,positivo
11723,negativo
2355,negativo
2935,positivo
2377,negativo
8621,positivo
4189,neutral
838,negativo
6631,negativo
11246,neutral
4462,negativo
4612,negativo
2565,neutral
10895,neutral
893,positivo
5841,neutral
8810,positivo
6306,neutral
1946,neutral
1908,positivo
2677,negativo
8070,positivo
10962,neutral
5960,positivo
4241,negativo
9153,negativo
7144,negativo
1348,neutral
406,positivo
10063,neutral
8399,positivo
3450,neutral
10003,neutral
7055,positivo
1922,neutral
8970,negativo
791,positivo
3331,positivo
3821,positivo
1919,neutral
1630,neutral
3968,positivo
11164,positivo
11727,positivo
6750,negativo
2874,neutral
3276,positivo
5031,negativo
8363,positivo
1028,neutral
9603,positivo
2464,negativo
6630,negativo
2055,neutral
3399,neutral
6910,positivo
4547,negativo
9263,negativo
8185,neutral
1319,positivo
11532,positivo
6291,positivo
5164,negativo
233,positivo
5528,positivo
2200,positivo
3714,neutral
5541,neutral
3285,negativo
8001,negativo
10741,neutral
3192,negativo
9809,negativo
4469,neutral
6598,neutral
10691,negativo
1491,neutral
3574,positivo
6617,negativo
10252,negativo
3860,positivo
8045,positivo
4629,negativo
9466,neutral
3793,neutral
10174,negativo
9198,negativo
11833,neutral
10202,positivo
4448,neutral
6433,positivo
9586,positivo
4725,positivo
1457,positivo
2581,positivo
3005,positivo
5744,negativo
4698,negativo
11533,negativo
2785,negativo
5971,neutral
1823,positivo
9751,positivo
6449,positivo
3501,neutral
453,negativo
7001,positivo
1519,negativo
834,neutral
2354,neutral
7028,neutral
6812,neutral
5664,positivo
8400,positivo
3559,positivo
11625,positivo
9015,positivo
4844,neutral
279,neutral
6455,negativo
5711,neutral
11695,negativo
2334,positivo
9076,negativo
2507,positivo
837,positivo
9983,positivo
7158,neutral
7559,positivo
11632,positivo
7861,neutral
6479,negativo
3015,negativo
449,negativo
3339,negativo
498,neutral
4340,negativo
2263,neutral
11435,negativo
5750,neutral
2002,neutral
3640,negativo
4505,negativo
1029,negativo
10493,negativo
11960,negativo
11773,neutral
1481,neutral
9280,positivo
3085,neutral
6373,positivo
4540,neutral
2242,positivo
1667,positivo
10757,positivo
9104,positivo
2113,negativo
11015,positivo
7704,positivo
318,neutral
10342,positivo
968,positivo
1345,positivo
2314,negativo
5489,neutral
7519,neutral
7137,neutral
9750,negativo
848,neutral
6091,positivo
11836,positivo
6999,neutral
4405,negativo
9233,negativo
4539,neutral
2881,negativo
1999,negativo
7415,positivo
5989,negativo
1261,negativo
10589,neutral
8679,neutral
2525,neutral
7424,positivo
11722,positivo
7832,neutral
4261,positivo
5485,negativo
9297,negativo
5484,positivo
5390,positivo
7502,negativo
7631,neutral
8899,neutral
8895,negativo
11096,negativo
10925,negativo
9072,neutral
6085,negativo
11369,neutral
11471,negativo
1362,positivo
10025,negativo
9338,positivo
9324,neutral
7891,negativo
7612,negativo
10703,positivo
1237,negativo
4287,positivo
850,negativo
10924,positivo
4770,neutral
6842,negativo
7792,neutral
2257,negativo
6709,positivo
169,neutral
11650,negativo
11867,negativo
1784,neutral
8174,negativo
5676,positivo
8835,positivo
5307,negativo
1567,neutral
2177,neutral
2842,negativo
4511,negativo
10894,negativo
6133,negativo
4032,neutral
10132,neutral
6233,negativo
4392,positivo
2206,neutral
2888,positivo
10109,positivo
10138,neutral
4767,negativo
957,positivo
3839,negativo
1332,negativo
9860,positivo
6036,negativo
4762,positivo
3813,negativo
1743,negativo
9616,positivo
7788,neutral
3092,negativo
11676,neutral
10771,negativo
5234,negativo
2164,positivo
3526,positivo
6212,positivo
5148,positivo
7541,negativo
11392,negativo
8961,negativo
1477,neutral
5459,neutral
5310,negativo
2265,negativo
5167,positivo
4695,neutral
1323,neutral
324,neutral
7113,positivo
11610,positivo
10544,negativo
6640,neutral
3704,neutral
11780,negativo
11621,neutral
1879,positivo
774,neutral
9096,positivo
5919,positivo
2390,positivo
3756,positivo
3168,neutral
6648,positivo
11658,neutral
11468,positivo
6194,negativo
2704,neutral
11800,positivo
8069,negativo
9182,positivo
3186,negativo
5804,negativo
3998,neutral
3581,negativo
9618,positivo
3499,neutral
48,negativo
3545,neutral
11123,negativo
11764,negativo
4450,negativo
2323,positivo
2771,positivo
10648,positivo
4558,neutral
468,negativo
7510,positivo
4372,neutral
7615,neutral
2534,positivo
2990,neutral
3591,positivo
6638,neutral
4962,neutral
7041,positivo
10087,neutral
7961,positivo
7487,negativo
9513,negativo
4494,positivo
8641,neutral
4327,positivo
8806,positivo
5178,positivo
9665,positivo
10873,neutral
2011,negativo
6332,neutral
4788,neutral
4018,positivo
1543,positivo
8170,neutral
1452,negativo
1442,positivo
271,positivo
6066,positivo
8446,positivo
5197,positivo
11404,positivo
490,neutral
742,neutral
4805,positivo
9288,negativo
8387,negativo
10661,positivo
9268,positivo
5091,positivo
2649,negativo
627,positivo
83,neutral
2926,positivo
3571,neutral
5877,negativo
553,positivo
8793,neutral
9245,negativo
5972,negativo
1382,neutral
8473,positivo
11280,positivo
10344,negativo
7677,positivo
4526,positivo
4589,negativo
10680,neutral
2018,neutral
9373,negativo
2878,negativo
9796,neutral
4697,positivo
6402,neutral
11655,negativo
11545,negativo
1446,negativo
8083,positivo
8933,neutral
5409,negativo
10001,negativo
6728,negativo
6900,positivo
5449,positivo
11128,positivo
6285,neutral
6744,neutral
384,neutral
11327,positivo
7959,positivo
7079,negativo
224,positivo
11552,negativo
7354,positivo
11195,neutral
11033,positivo
6300,positivo
3624,negativo
4295,positivo
2650,positivo
2579,negativo
10580,negativo
2259,negativo
4533,negativo
2147,negativo
3193,negativo
7197,negativo
1051,negativo
5536,positivo
2706,neutral
9206,negativo
8903,neutral
5436,negativo
11951,positivo
3178,negativo
7218,neutral
4222,positivo
1295,neutral
3733,positivo
9695,negativo
3834,negativo
5905,negativo
2052,positivo
7109,neutral
6101,positivo
2120,negativo
10769,negativo
6190,neutral
11130,negativo
11433,negativo
11556,neutral
11021,negativo
10911,positivo
10646,neutral
2063,neutral
5699,positivo
5610,positivo
7623,neutral
4270,neutral
2949,positivo
5248,neutral
4415,negativo
10960,neutral
11313,neutral
9727,negativo
8372,positivo
8503,negativo
8820,positivo
4383,neutral
4330,neutral
9450,negativo
8046,positivo
10916,positivo
6216,neutral
8768,neutral
8041,neutral
332,negativo
8710,positivo
2973,neutral
10520,neutral
4780,positivo
6862,positivo
839,negativo
8839,neutral
11049,positivo
4416,positivo
2243,neutral
8507,negativo
2301,negativo
8008,negativo
9315,neutral
9183,neutral
1143,neutral
2362,negativo
7088,neutral
3379,negativo
10265,negativo
4703,neutral
6356,neutral
7545,positivo
2088,positivo
2610,neutral
6498,neutral
11233,neutral
1329,neutral
5560,neutral
10328,negativo
8649,negativo
4291,positivo
10262,positivo
6523,positivo
11190,positivo
4883,neutral
1729,negativo
6669,positivo
1395,positivo
3542,negativo
9302,neutral
4481,neutral
9941,positivo
2591,negativo
1676,negativo
7769,negativo
484,negativo
8078,negativo
410,positivo
11399,positivo
10928,positivo
7503,negativo
419,negativo
8208,negativo
1298,neutral
8216,positivo
5832,neutral
7464,negativo
3708,negativo
6186,positivo
308,positivo
4116,neutral
11364,positivo
638,positivo
7057,neutral
5792,negativo
9754,negativo
2132,neutral
9212,neutral
4473,positivo
9056,positivo
2444,negativo
3767,neutral
6618,negativo
10612,positivo
5782,positivo
1357,negativo
3958,negativo
6909,neutral
5953,neutral
10638,positivo
4931,negativo
9113,neutral
5749,neutral
9538,positivo
1313,positivo
2519,negativo
8116,neutral
7812,negativo
223,positivo
7693,positivo
5654,negativo
4201,neutral
6494,neutral
5844,positivo
8461,neutral
11999,negativo
2382,negativo
11361,positivo
6711,positivo
11807,neutral
10072,negativo
3218,positivo
4034,neutral
3040,negativo
11905,negativo
6354,negativo
9099,negativo
11617,neutral
2604,neutral
5529,positivo
10434,negativo
6181,neutral
7595,negativo
9116,positivo
7582,positivo
502,negativo
3099,positivo
5802,neutral
11797,neutral
4376,neutral
2249,negativo
1068,positivo
1417,neutral
3427,negativo
651,negativo
3475,positivo
1214,positivo
5219,neutral
8462,positivo
10258,negativo
10460,negativo
2143,neutral
1025,neutral
8458,neutral
8654,negativo
624,negativo
3171,positivo
3409,positivo
7233,negativo
10245,negativo
9356,positivo
7927,positivo
8215,neutral
2188,negativo
2957,negativo
6191,positivo
5571,neutral
6031,negativo
2095,positivo
2848,negativo
10957,positivo
4433,negativo
5949,negativo
54,negativo
878,negativo
2406,negativo
5272,negativo
11429,neutral
7363,positivo
11902,neutral
6485,positivo
4666,neutral
2320,positivo
369,negativo
5104,neutral
4151,neutral
6559,neutral
7684,neutral
8357,neutral
10206,positivo
5506,positivo
4994,negativo
11945,positivo
8530,neutral
11843,neutral
11741,neutral
8683,positivo
6109,neutral
3776,negativo
8402,positivo
11819,negativo
10290,neutral
3570,neutral
647,positivo
6080,negativo
10093,negativo
2582,negativo
4824,positivo
7369,negativo
8669,positivo
8529,positivo
9608,negativo
474,positivo
8502,neutral
5080,negativo
905,positivo
8192,positivo
5364,negativo
10982,negativo
3889,negativo
738,positivo
5406,positivo
1353,positivo
10847,negativo
10592,positivo
6647,positivo
9326,positivo
7243,negativo
9298,positivo
7943,negativo
10619,neutral
11983,neutral
1870,negativo
3289,neutral
10119,positivo
7231,neutral
5617,neutral
9011,negativo
7461,neutral
8189,positivo
6293,negativo
4576,negativo
4407,positivo
5751,neutral
4939,negativo
7739,negativo
6015,neutral
8637,negativo
4434,positivo
5216,negativo
7522,negativo
5619,neutral
10413,positivo
5381,negativo
10923,positivo
2463,positivo
733,neutral
8259,positivo
1681,negativo
1815,neutral
6045,positivo
6979,negativo
2457,negativo
3669,negativo
1230,negativo
9872,positivo
1721,positivo
10332,negativo
3353,negativo
8426,neutral
5070,negativo
5903,negativo
9505,neutral
10329,positivo
9227,neutral
8979,positivo
4956,negativo
8878,negativo
9937,positivo
2540,neutral
2778,positivo
11620,negativo
2825,neutral
2928,positivo
7752,negativo
5264,negativo
2655,negativo
5365,negativo
3315,negativo
2015,positivo
1272,negativo
8360,neutral
3561,neutral
9784,negativo
6178,negativo
9185,negativo
9378,neutral
5898,positivo
3697,neutral
10828,negativo
151,positivo
2954,negativo
143,neutral
11213,negativo
3870,neutral
4524,positivo
3037,neutral
2042,positivo
8662,negativo
11683,neutral
1514,positivo
8617,negativo
9484,positivo
253,neutral
605,positivo
5048,positivo
9867,negativo
10330,positivo
5696,positivo
2194,neutral
7035,negativo
7332,negativo
11011,neutral
10456,neutral
10082,neutral
5916,neutral
11979,negativo
1307,negativo
2974,negativo
11281,neutral
10502,positivo
4784,positivo
2762,negativo
477,positivo
8558,neutral
1475,positivo
3188,neutral
2295,neutral
11972,negativo
8274,positivo
7083,neutral
6751,negativo
1789,negativo
11535,positivo
106,positivo
2817,negativo
5442,negativo
11334,neutral
10506,negativo
7895,negativo
6367,negativo
2723,negativo
3151,neutral
6742,negativo
3616,neutral
8779,positivo
3025,positivo
2175,neutral
2165,positivo
505,neutral
11300,neutral
6995,neutral
1834,positivo
1663,positivo
8059,neutral
5195,positivo
5996,negativo
8891,positivo
7428,neutral
2810,neutral
3792,neutral
2051,negativo
698,negativo
6493,negativo
11203,negativo
7884,positivo
3969,neutral
3698,positivo
11564,positivo
7633,neutral
300,neutral
6447,positivo
9967,negativo
1309,positivo
9478,neutral
185,negativo
7275,positivo
7619,neutral
2152,negativo
5476,positivo
6537,neutral
3970,positivo
5966,neutral
1312,positivo
3366,neutral
6333,neutral
10674,negativo
5380,negativo
11933,negativo
2955,negativo
6925,positivo
898,neutral
11501,negativo
7722,negativo
5140,neutral
5738,neutral
11605,positivo
8718,positivo
10293,neutral
3346,neutral
2490,negativo
11245,neutral
8528,neutral
5820,negativo
2398,negativo
11051,negativo
1741,positivo
7866,positivo
6392,positivo
2524,neutral
7067,negativo
522,neutral
3055,negativo
9308,negativo
3534,neutral
11940,negativo
9824,negativo
11721,neutral
6685,negativo
5413,neutral
11778,negativo
7152,positivo
6446,positivo
3034,negativo
495,neutral
10615,positivo
1379,positivo
3440,neutral
7422,neutral
3699,positivo
11103,negativo
10241,positivo
2424,neutral
6046,negativo
556,negativo
4459,positivo
2434,positivo
10227,negativo
11224,negativo
4862,neutral
107,neutral
6345,negativo
11074,neutral
8177,neutral
8611,neutral
7475,positivo
2567,positivo
2061,negativo
6502,neutral
9995,negativo
11124,neutral
245,negativo
1113,positivo
8344,negativo
5424,negativo
4333,positivo
2612,neutral
10395,neutral
3165,positivo
8049,neutral
9317,negativo
147,negativo
294,positivo
3790,neutral
4673,neutral
1358,negativo
1581,neutral
2566,positivo
11498,positivo
6460,neutral
6262,negativo
98,neutral
2749,negativo
4716,positivo
5754,positivo
2820,positivo
6691,negativo
8291,negativo
507,negativo
4403,negativo
3354,positivo
3892,positivo
3812,positivo
3303,negativo
11847,positivo
10197,neutral
6861,positivo
8234,positivo
8240,negativo
10579,neutral
3089,negativo
521,neutral
5026,neutral
11551,negativo
1105,neutral
1635,positivo
10981,positivo
11205,positivo
2678,positivo
2032,positivo
3517,negativo
5521,positivo
3326,negativo
5133,positivo
3594,neutral
10690,positivo
9996,negativo
3454,positivo
7701,positivo
8655,negativo
7636,neutral
8364,negativo
6201,neutral
11950,positivo
1835,negativo
10306,negativo
10421,neutral
4683,positivo
10401,neutral
7644,positivo
1746,neutral
7357,positivo
8102,positivo
1096,negativo
4563,positivo
1479,neutral
2950,positivo
4724,negativo
4456,negativo
1778,neutral
1707,negativo
1351,neutral
9666,negativo
11666,negativo
11232,neutral
4130,positivo
5125,neutral
8752,negativo
9810,neutral
1671,negativo
4378,neutral
2246,negativo
10166,negativo
2467,neutral
586,neutral
5515,positivo
9759,neutral
1126,positivo
9992,neutral
10232,positivo
3438,neutral
10007,positivo
1617,positivo
8813,negativo
7261,positivo
6361,positivo
3586,neutral
6317,positivo
6696,positivo
3279,neutral
10050,positivo
8256,negativo
6391,neutral
10187,neutral
2862,neutral
5787,neutral
3220,neutral
3608,neutral
1084,positivo
8533,neutral
4344,negativo
11869,neutral
8150,neutral
4977,neutral
9703,neutral
1222,neutral
3075,neutral
6437,negativo
10513,positivo
11900,negativo
3662,neutral
4707,positivo
1915,negativo
1714,positivo
5465,neutral
10604,neutral
9567,positivo
1426,neutral
22,positivo
6719,neutral
4306,positivo
1276,positivo
783,positivo
11602,positivo
4139,negativo
1418,positivo
950,neutral
11803,neutral
6527,negativo
3537,negativo
9556,positivo
109,neutral
9013,positivo
6043,negativo
9030,positivo
9464,negativo
6657,negativo
6330,negativo
6680,positivo
7705,positivo
1285,positivo
314,positivo
9624,positivo
3654,neutral
7274,positivo
9726,negativo
3915,negativo
662,neutral
8123,negativo
11725,positivo
10281,positivo
5431,positivo
10831,neutral
3727,negativo
2231,neutral
11386,negativo
7849,positivo
6572,neutral
8228,positivo
4159,negativo
4623,negativo
8111,negativo
3492,negativo
5625,neutral
11715,neutral
10597,positivo
11449,positivo
9765,neutral
4228,positivo
4208,positivo
3201,positivo
10311,negativo
1402,negativo
8009,neutral
7278,positivo
11974,positivo
11936,negativo
4949,negativo
3268,negativo
11121,positivo
6343,neutral
9016,negativo
5181,negativo
5084,positivo
2560,negativo
4950,negativo
11370,negativo
2783,positivo
4618,neutral
2866,positivo
11732,positivo
6706,neutral
8287,positivo
7291,positivo
2929,negativo
2029,negativo
8526,negativo
11008,positivo
10627,negativo
2632,neutral
2887,negativo
1528,positivo
10333,neutral
11126,negativo
3820,negativo
3158,negativo
1009,negativo
3943,neutral
5527,neutral
9525,negativo
4166,neutral
11966,negativo
1493,positivo
4591,positivo
7982,neutral
3002,positivo
1164,negativo
4791,neutral
11569,neutral
6179,positivo
6890,neutral
4065,neutral
10820,positivo
2867,positivo
10797,positivo
10812,neutral
6746,positivo
7432,negativo
3103,positivo
390,neutral
6561,positivo
630,negativo
9272,positivo
4910,positivo
3603,positivo
126,negativo
6013,positivo
4255,negativo
1905,neutral
8135,positivo
6314,negativo
4625,neutral
1387,negativo
8603,positivo
2535,positivo
1005,neutral
9174,negativo
3863,neutral
5411,negativo
9735,negativo
4746,neutral
4024,neutral
5970,positivo
3563,negativo
9622,negativo
593,negativo
5530,positivo
948,negativo
3785,neutral
4129,positivo
11762,negativo
3067,neutral
5755,negativo
5827,negativo
9307,neutral
7572,positivo
11821,negativo
8319,neutral
3742,negativo
9914,negativo
10066,positivo
4702,positivo
7210,positivo
4792,negativo
8464,neutral
11607,negativo
11253,neutral
11042,neutral
1730,positivo
6038,positivo
8071,positivo
1971,neutral
243,negativo
3098,neutral
1487,positivo
5349,negativo
6893,positivo
4153,negativo
1639,positivo
6480,negativo
1716,negativo
11868,negativo
8978,negativo
816,negativo
10210,negativo
10901,negativo
2858,positivo
3993,negativo
9235,positivo
5766,positivo
1699,negativo
2437,neutral
3324,neutral
492,positivo
5032,positivo
11091,negativo
6510,positivo
9978,positivo
10188,positivo
11201,negativo
5354,negativo
11892,negativo
10747,positivo
10770,neutral
2421,neutral
5211,negativo
700,neutral
6267,positivo
10127,neutral
7469,positivo
643,positivo
8857,negativo
2076,positivo
4324,positivo
4091,positivo
10683,negativo
9871,negativo
11365,negativo
8452,neutral
6067,neutral
4739,neutral
2864,positivo
2280,positivo
7331,neutral
11075,neutral
7021,neutral
10056,negativo
1444,neutral
1311,neutral
9990,negativo
323,negativo
4885,neutral
3720,neutral
10239,neutral
5304,neutral
934,neutral
2163,neutral
5772,negativo
1431,negativo
10709,neutral
9421,neutral
6461,neutral
701,neutral
7485,neutral
5382,negativo
884,neutral
1003,neutral
5163,positivo
5857,positivo
7692,negativo
6117,positivo
5440,neutral
6258,positivo
10541,negativo
6098,negativo
10571,negativo
1001,negativo
5129,negativo
5745,negativo
3546,negativo
3558,negativo
9903,positivo
11475,neutral
907,negativo
10789,negativo
1709,neutral
1675,neutral
4936,neutral
8388,neutral
3424,positivo
6056,neutral
5941,negativo
6921,negativo
6366,positivo
1949,neutral
9093,negativo
3160,neutral
4123,negativo
4694,positivo
6794,negativo
9392,positivo
8907,neutral
8585,positivo
11969,positivo
5154,neutral
10273,neutral
10803,positivo
5160,negativo
963,negativo
5570,negativo
3391,negativo
4536,negativo
6553,neutral
8732,positivo
3532,positivo
1515,negativo
4609,positivo
1301,negativo
2651,positivo
5818,neutral
5266,negativo
10768,negativo
9021,neutral
623,positivo
7086,negativo
2904,positivo
8577,negativo
10070,neutral
2075,neutral
9168,neutral
1027,positivo
4620,positivo
7762,negativo
888,negativo
10792,negativo
2999,positivo
625,positivo
2170,positivo
1193,negativo
6129,neutral
780,negativo
9736,neutral
6815,positivo
599,positivo
1128,negativo
10231,negativo
3994,negativo
939,neutral
1086,positivo
6533,negativo
10507,negativo
629,negativo
10270,neutral
1641,negativo
4501,positivo
6978,positivo
3136,neutral
1600,neutral
8850,positivo
9241,negativo
11731,positivo
7748,neutral
4669,neutral
4141,negativo
7289,positivo
8534,negativo
6824,positivo
4266,negativo
11114,negativo
7941,negativo
2369,positivo
1056,neutral
9291,negativo
11277,negativo
3822,positivo
156,neutral
2297,neutral
4741,negativo
5534,negativo
4142,negativo
11513,neutral
5220,negativo
8125,positivo
3474,neutral
7768,positivo
10950,positivo
8875,positivo
6454,negativo
2916,negativo
5004,negativo
7742,neutral
6543,negativo
3989,positivo
1435,negativo
7052,neutral
10032,positivo
2372,negativo
8519,neutral
2209,neutral
11301,positivo
9269,neutral
4758,positivo
1195,negativo
5897,positivo
4751,negativo
2703,positivo
9262,positivo
4488,negativo
11447,neutral
6663,negativo
4966,positivo
10452,negativo
1932,positivo
10613,positivo
3762,negativo
1648,positivo
5648,positivo
6188,negativo
5355,positivo
6752,neutral
872,negativo
8849,positivo
8055,neutral
2039,neutral
123,neutral
10309,positivo
10795,negativo
5301,negativo
10813,negativo
7689,negativo
9503,positivo
11763,negativo
9511,positivo
188,negativo
4656,positivo
9881,negativo
5117,negativo
10140,negativo
1759,positivo
1282,neutral
10292,negativo
4853,negativo
242,positivo
3248,neutral
5252,positivo
2814,negativo
9615,negativo
8455,positivo
4379,negativo
3175,neutral
10666,neutral
8095,negativo
6006,negativo
11279,positivo
4991,positivo
2019,negativo
6430,neutral
881,positivo
4554,neutral
2035,neutral
2404,negativo
5293,positivo
11802,positivo
3074,positivo
5357,neutral
2740,positivo
9494,negativo
11675,positivo
8370,negativo
3841,negativo
8945,negativo
9018,neutral
51,neutral
807,neutral
8604,negativo
11440,neutral
6104,negativo
929,positivo
5179,negativo
1288,neutral
720,negativo
4742,neutral
9489,positivo
6562,positivo
6355,negativo
6384,negativo
8576,positivo
2657,negativo
7451,negativo
3230,negativo
10730,negativo
6519,positivo
5062,negativo
3431,neutral
6854,positivo
6594,negativo
4205,positivo
1413,positivo
9684,neutral
8182,positivo
8439,positivo
3207,negativo
10748,negativo
10942,negativo
6257,neutral
4778,neutral
239,negativo
7947,negativo
4908,positivo
7922,positivo
8257,positivo
5768,positivo
2125,negativo
11337,neutral
6587,positivo
382,positivo
11066,negativo
8750,neutral
6094,neutral
4320,neutral
8318,negativo
874,neutral
11524,positivo
9474,neutral
3008,neutral
2310,negativo
11917,neutral
709,positivo
3491,positivo
1422,neutral
10595,neutral
8338,negativo
9596,positivo
9968,positivo
4551,neutral
5303,neutral
11078,negativo
7564,negativo
2800,positivo
3488,neutral
568,positivo
8178,neutral
442,positivo
2470,neutral
9141,negativo
4732,neutral
4277,positivo
1310,negativo
3701,neutral
2698,neutral
1087,positivo
11331,positivo
3269,positivo
418,negativo
7434,neutral
3413,neutral
1455,positivo
10408,negativo
3869,neutral
11098,neutral
4418,neutral
2084,positivo
476,negativo
10005,neutral
914,negativo
6088,positivo
1177,neutral
1937,positivo
11757,positivo
4976,positivo
705,positivo
9785,positivo
966,negativo
388,positivo
11288,positivo
6100,negativo
6390,positivo
3003,neutral
7972,negativo
2561,negativo
8862,neutral
7852,positivo
11151,positivo
6565,positivo
3843,negativo
11750,negativo
9413,negativo
7146,positivo
10976,neutral
6806,positivo
4723,positivo
6757,neutral
3646,positivo
3476,positivo
554,neutral
3266,positivo
5591,negativo
9248,neutral
9240,positivo
4357,neutral
11628,positivo
11150,positivo
2826,neutral
2104,negativo
8327,negativo
9390,negativo
11832,negativo
4499,neutral
8191,positivo
3262,negativo
9398,neutral
5907,neutral
519,neutral
11381,positivo
4522,positivo
6175,negativo
3856,neutral
3473,positivo
10237,positivo
1775,negativo
10526,positivo
2484,negativo
3213,positivo
10791,positivo
1498,negativo
6859,positivo
8730,positivo
9882,neutral
11681,neutral
9436,positivo
6189,neutral
5082,negativo
10129,positivo
4574,positivo
4992,negativo
3129,neutral
8860,negativo
6904,negativo
7923,negativo
4102,negativo
823,positivo
8981,positivo
7025,positivo
7490,negativo
1821,positivo
5275,negativo
1720,negativo
1839,neutral
6019,positivo
5419,neutral
1642,positivo
3583,neutral
5088,negativo
362,negativo
11462,negativo
5414,negativo
9102,positivo
11349,positivo
373,neutral
6833,negativo
6983,positivo
6775,negativo
5287,neutral
4213,positivo
6440,positivo
5323,neutral
6731,positivo
2065,negativo
11944,negativo
5081,positivo
3323,positivo
197,negativo
4087,positivo
5086,negativo
6506,negativo
227,neutral
9459,positivo
941,neutral
6886,positivo
1569,negativo
1620,positivo
8543,negativo
2476,negativo
5774,neutral
2666,positivo
10503,positivo
10681,neutral
7267,negativo
261,neutral
5977,positivo
3307,neutral
4079,neutral
524,positivo
6357,neutral
2977,positivo
9887,negativo
4813,neutral
6107,negativo
11111,positivo
7833,positivo
11117,neutral
2752,negativo
103,neutral
5284,neutral
9299,positivo
6749,neutral
5788,neutral
7620,positivo
7151,negativo
9949,negativo
3434,negativo
1740,neutral
7896,negativo
5540,positivo
415,positivo
8640,positivo
3125,negativo
7245,negativo
5859,negativo
1539,neutral
11623,neutral
3575,negativo
7614,neutral
1522,negativo
3203,neutral
9333,neutral
8406,neutral
4675,negativo
2056,negativo
9275,positivo
5438,neutral
8113,negativo
9380,positivo
8243,neutral
5661,neutral
5773,positivo
9465,negativo
3796,positivo
10621,negativo
11056,neutral
8554,positivo
10378,positivo
10529,negativo
10993,negativo
6136,negativo
4646,negativo
4924,negativo
10002,positivo
9820,negativo
912,neutral
2592,negativo
4606,neutral
9830,negativo
413,neutral
10530,negativo
7411,negativo
11340,positivo
4603,neutral
3667,negativo
5445,positivo
1144,neutral
7404,negativo
7056,positivo
8729,negativo
3320,negativo
5210,positivo
470,positivo
5153,positivo
9335,negativo
10992,negativo
1787,negativo
6458,positivo
8615,positivo
8488,positivo
11087,positivo
11113,negativo
2394,positivo
5778,negativo
9953,neutral
5765,neutral
8788,negativo
4046,positivo
8044,negativo
9715,negativo
6628,negativo
4605,negativo
7193,negativo
4752,neutral
1502,positivo
361,neutral
7036,positivo
8074,positivo
5257,negativo
11257,negativo
3656,positivo
11258,neutral
10523,positivo
4458,positivo
6149,neutral
11332,positivo
8218,positivo
11390,positivo
10139,negativo
4516,positivo
268,negativo
3271,negativo
8112,negativo
2224,positivo
2336,negativo
7712,positivo
11539,positivo
8578,positivo
334,positivo
2201,negativo
5836,neutral
10020,positivo
8623,neutral
1100,negativo
10640,positivo
251,negativo
2268,negativo
8606,neutral
5255,negativo
1376,negativo
3926,neutral
2773,positivo
6650,positivo
4525,neutral
4644,positivo
2921,negativo
3597,negativo
8161,negativo
5863,neutral
5909,neutral
11791,positivo
7238,negativo
39,negativo
712,neutral
5429,neutral
6196,negativo
1863,negativo
736,positivo
637,neutral
5015,negativo
10639,negativo
6281,positivo
1271,positivo
2486,neutral
9837,negativo
193,neutral
5870,positivo
10327,neutral
4634,neutral
2585,negativo
128,positivo
9831,positivo
3569,negativo
8824,negativo
10037,positivo
1176,positivo
4236,neutral
208,neutral
10184,positivo
11363,negativo
5035,positivo
3404,positivo
8098,negativo
457,negativo
4036,neutral
10038,negativo
4086,negativo
10955,negativo
719,positivo
7391,neutral
7743,positivo
9969,positivo
1568,negativo
4662,positivo
9159,neutral
8006,negativo
8126,neutral
393,positivo
8195,neutral
10790,neutral
7653,neutral
6296,negativo
7172,neutral
5251,positivo
10453,negativo
1320,neutral
5709,positivo
9698,neutral
10711,positivo
9945,neutral
520,positivo
8670,negativo
11592,negativo
3453,positivo
7247,negativo
9063,negativo
7565,neutral
9935,neutral
5058,negativo
7264,negativo
5590,negativo
2691,neutral
5189,negativo
1300,positivo
5819,positivo
6645,negativo
11886,neutral
4763,negativo
1573,positivo
9570,positivo
8589,negativo
4094,neutral
10949,neutral
10192,negativo
555,neutral
9826,neutral
1846,neutral
8353,negativo
2802,positivo
1507,neutral
9663,neutral
1082,positivo
225,neutral
9634,neutral
3270,neutral
8713,neutral
8613,negativo
1359,positivo
10199,positivo
2001,neutral
7059,negativo
3520,negativo
214,positivo
8958,negativo
6941,neutral
2014,negativo
5334,positivo
10363,negativo
528,negativo
9783,neutral
3401,neutral
8801,negativo
11002,negativo
8699,positivo
2556,neutral
6208,negativo
3439,neutral
4284,neutral
5329,positivo
5131,positivo
2768,negativo
564,neutral
3234,neutral
7407,neutral
10655,positivo
9379,negativo
8593,positivo
8169,neutral
8297,positivo
2161,neutral
2262,negativo
4157,positivo
10603,positivo
10133,neutral
4412,positivo
1441,negativo
2522,negativo
3783,negativo
4561,positivo
4140,negativo
10642,positivo
5800,neutral
4871,neutral
9763,negativo
1988,neutral
4869,neutral
1862,positivo
11028,negativo
4054,neutral
10602,negativo
10058,negativo
2269,positivo
5656,neutral
771,negativo
5168,positivo
9121,negativo
1719,negativo
240,neutral
5759,neutral
6915,negativo
485,negativo
3745,negativo
3264,neutral
3817,positivo
7135,neutral
5677,positivo
10106,neutral
7099,negativo
1538,positivo
7192,positivo
3865,positivo
4147,negativo
5644,positivo
11107,neutral
5681,positivo
10989,neutral
3263,negativo
3235,negativo
6662,neutral
11127,negativo
7984,positivo
6686,positivo
2911,negativo
6802,negativo
8152,negativo
299,positivo
4544,positivo
2578,neutral
2531,negativo
9117,negativo
10334,positivo
3449,negativo
8898,negativo
2370,positivo
9740,positivo
7068,neutral
2761,negativo
4210,positivo
149,neutral
2047,negativo
5201,positivo
3253,negativo
1331,positivo
3452,positivo
11243,neutral
2686,negativo
5887,negativo
1851,positivo
1867,negativo
7033,negativo
10255,positivo
8712,negativo
11287,positivo
2348,positivo
2245,neutral
1112,positivo
486,positivo
6666,negativo
441,neutral
8328,negativo
112,neutral
10629,neutral
7518,positivo
3020,negativo
3931,negativo
10879,neutral
2078,positivo
4855,negativo
2251,negativo
4219,positivo
4934,neutral
2431,positivo
5988,positivo
7442,negativo
11165,neutral
5763,negativo
601,positivo
2700,negativo
1093,negativo
11669,positivo
6756,neutral
6926,neutral
11290,neutral
438,negativo
6873,negativo
10614,neutral
10387,positivo
7156,positivo
596,positivo
4384,negativo
1053,negativo
2395,positivo
9955,positivo
7977,negativo
6642,positivo
10675,positivo
1899,neutral
1482,neutral
3142,neutral
4439,positivo
9205,positivo
7378,neutral
7242,negativo
7090,positivo
7783,negativo
1780,neutral
9053,neutral
2287,positivo
280,positivo
4161,positivo
3992,negativo
11225,neutral
4984,positivo
4926,neutral
4276,positivo
11596,positivo
3298,negativo
9385,neutral
5247,negativo
5296,positivo
10948,positivo
6484,positivo
5568,positivo
536,positivo
10718,negativo
464,neutral
10137,negativo
1589,negativo
4614,positivo
7472,neutral
3162,neutral
11831,positivo
10068,positivo
9510,negativo
10970,negativo
3880,positivo
10555,neutral
9218,negativo
1864,neutral
11048,neutral
1181,negativo
5727,negativo
7095,positivo
10998,neutral
2844,negativo
8651,neutral
3317,positivo
4413,positivo
4500,neutral
2775,negativo
8153,neutral
6403,positivo
1208,negativo
11155,positivo
9697,negativo
4786,neutral
8391,positivo
2545,negativo
8575,positivo
7142,negativo
6353,positivo
9607,negativo
10404,neutral
9891,negativo
4214,neutral
7215,positivo
3535,positivo
7627,neutral
8692,negativo
4930,negativo
4476,negativo
9806,negativo
0,neutral
11372,positivo
10158,negativo
6914,positivo
4251,negativo
7372,positivo
11466,neutral
6573,negativo
11640,positivo
7695,negativo
3143,negativo
2218,negativo
1925,neutral
402,positivo
5682,neutral
3293,negativo
4274,negativo
192,negativo
3194,positivo
6407,positivo
6434,positivo
11881,neutral
992,negativo
513,positivo
45,positivo
4319,negativo
3771,negativo
445,neutral
8884,neutral
822,negativo
1940,positivo
8671,negativo
8731,negativo
5472,positivo
9343,neutral
11089,positivo
6128,neutral
1400,neutral
8278,negativo
1677,negativo
2298,positivo
105,positivo
6788,positivo
1818,positivo
7293,neutral
6147,negativo
10720,neutral
4426,neutral
1868,neutral
24,positivo
5597,negativo
11434,neutral
8066,negativo
4828,neutral
10346,positivo
4664,positivo
6165,negativo
5260,neutral
2639,negativo
4857,neutral
424,neutral
7785,positivo
1993,neutral
4138,negativo
10932,neutral
6700,neutral
9551,positivo
3182,positivo
4374,negativo
7777,negativo
3356,negativo
2902,neutral
8442,positivo
4513,negativo
3448,negativo
2453,positivo
10815,negativo
2555,neutral
1819,neutral
1489,negativo
3390,positivo
8781,neutral
10047,negativo
7425,positivo
3278,positivo
11809,negativo
1460,negativo
11835,positivo
9162,negativo
8231,neutral
3799,positivo
11860,negativo
10198,neutral
4196,negativo
9956,negativo
1697,neutral
10764,positivo
4640,neutral
11728,negativo
5780,negativo
9237,neutral
5289,negativo
8466,positivo
3622,neutral
4127,neutral
3882,negativo
10077,negativo
11575,positivo
4570,positivo
4872,neutral
11437,negativo
5810,neutral
4170,neutral
4101,neutral
8682,positivo
8058,negativo
8180,negativo
330,neutral
6301,negativo
1533,negativo
8484,positivo
819,neutral
1590,negativo
7956,positivo
8851,positivo
5874,negativo
8232,positivo
10288,neutral
8317,negativo
1148,neutral
9350,negativo
11955,negativo
4398,negativo
6943,negativo
1239,negativo
7608,positivo
6466,positivo
9673,positivo
4173,negativo
8144,neutral
1817,neutral
2272,positivo
433,positivo
182,negativo
8943,neutral
7381,positivo
1964,positivo
8755,positivo
682,negativo
2235,positivo
2227,negativo
6307,negativo
11505,positivo
3618,positivo
4191,positivo
5858,neutral
7805,negativo
2714,negativo
11,neutral
996,neutral
6625,positivo
5872,negativo
1071,positivo
5016,neutral
10633,neutral
1280,negativo
5556,positivo
5069,negativo
4840,positivo
11726,positivo
5655,positivo
10959,positivo
1807,neutral
8221,positivo
1975,negativo
10022,negativo
1889,positivo
6026,negativo
8769,positivo
3156,positivo
2380,neutral
11037,neutral
10986,positivo
1121,positivo
7124,negativo
1147,neutral
4689,neutral
3572,neutral
2718,positivo
8977,negativo
2128,negativo
5471,negativo
5923,neutral
4474,negativo
8434,negativo
11907,negativo
8270,neutral
2964,negativo
6012,positivo
4635,neutral
3327,neutral
8197,neutral
2690,neutral
5100,negativo
11965,negativo
3899,positivo
7513,neutral
1886,positivo
1490,negativo
9925,negativo
9898,neutral
9999,neutral
11186,negativo
6255,positivo
5553,neutral
8294,positivo
4432,negativo
6825,positivo
7162,negativo
9276,neutral
2261,negativo
3975,negativo
9814,negativo
1114,positivo
10782,neutral
3157,negativo
2575,neutral
4441,neutral
8874,positivo
11079,negativo
7661,negativo
3221,negativo
4388,positivo
3014,neutral
4373,negativo
6427,positivo
6783,neutral
4318,negativo
1217,positivo
84,negativo
2980,neutral
9537,negativo
3631,negativo
6727,neutral
3250,neutral
2932,negativo
3101,negativo
2335,positivo
5469,neutral
2151,neutral
4693,negativo
4490,negativo
5968,negativo
10012,positivo
6106,negativo
2713,negativo
8635,positivo
10800,positivo
6765,neutral
2756,neutral
4715,positivo
4503,negativo
2210,positivo
11488,negativo
5001,negativo
226,positivo
832,neutral
4215,neutral
9318,neutral
7371,neutral
1188,negativo
8705,negativo
10179,negativo
11465,negativo
6144,neutral
202,positivo
7935,positivo
746,neutral
5250,positivo
1403,negativo
7393,neutral
8284,positivo
11587,positivo
11746,neutral
11799,positivo
4545,positivo
6023,positivo
9311,negativo
9530,positivo
8420,negativo
6782,neutral
2357,neutral
975,neutral
2772,neutral
1089,positivo
5262,positivo
5327,negativo
7060,positivo
9292,neutral
6987,neutral
6753,positivo
10324,positivo
6654,negativo
3497,positivo
1959,positivo
3596,negativo
2574,negativo
6344,neutral
6218,positivo
9851,negativo
11766,neutral
4776,neutral
1750,positivo
8936,negativo
9192,negativo
9650,neutral
3744,negativo
3000,positivo
6504,negativo
1791,neutral
1583,neutral
2411,positivo
5295,negativo
443,negativo
9682,neutral
10546,positivo
4961,neutral
10351,neutral
5944,positivo
3209,neutral
4783,negativo
1425,negativo
10975,negativo
5982,positivo
2594,negativo
7851,neutral
1275,negativo
2504,negativo
11409,positivo
351,negativo
6800,neutral
1680,neutral
11550,neutral
7497,positivo
8807,negativo
6530,negativo
6225,neutral
765,neutral
10474,negativo
1060,negativo
3090,negativo
11876,positivo
11853,positivo
7413,neutral
6422,negativo
863,positivo
3211,positivo
3684,neutral
8665,positivo
7700,negativo
4315,positivo
8183,negativo
622,neutral
4903,positivo
9541,neutral
8523,neutral
10667,negativo
5360,positivo
8599,neutral
2146,negativo
5053,positivo
1792,positivo
9583,negativo
9997,positivo
2559,positivo
3584,neutral
9467,positivo
4761,positivo
10742,positivo
1605,positivo
2483,negativo
7047,positivo
10995,neutral
6850,neutral
7924,neutral
1139,positivo
9058,negativo
9225,positivo
5673,positivo
7954,positivo
8121,positivo
9527,neutral
6380,positivo
2197,positivo
9449,positivo
994,negativo
10708,positivo
9670,neutral
10869,neutral
11480,neutral
5647,positivo
10275,neutral
3683,neutral
7625,negativo
11442,positivo
5652,negativo
9431,negativo
10321,positivo
8888,neutral
1199,negativo
5669,negativo
6773,neutral
1513,negativo
5171,positivo
5799,neutral
177,positivo
11901,neutral
3274,neutral
40,negativo
10193,neutral
5057,negativo
9407,negativo
2302,positivo
11143,neutral
10990,positivo
3433,positivo
2415,positivo
1339,negativo
5555,neutral
3642,negativo
9724,negativo
8505,positivo
9452,positivo
1318,positivo
4569,neutral
6075,negativo
10966,positivo
4653,negativo
5957,positivo
11866,positivo
6930,neutral
10670,negativo
4401,positivo
467,negativo
10023,positivo
7360,negativo
9520,neutral
10055,positivo
2571,positivo
7766,positivo
110,neutral
4556,negativo
10645,positivo
8703,positivo
6041,neutral
6297,neutral
4369,positivo
3437,negativo
4264,neutral
3386,negativo
9600,negativo
246,negativo
7477,negativo
6716,negativo
8796,negativo
